GENOME_ASSEMBLY,CHROMOSOME,POSITION,REFERENCE_NUCLEOTIDE,ALTERNATE_NUCLEOTIDE,PRIOR_GENOME_ASSEMBLY,PRIOR_CHROMOSOME,PRIOR_POSITION,PRIOR_PRIOR_GENOME_ASSEMBLY,PRIOR_PRIOR_CHROMOSOME,PRIOR_PRIOR_POSITION,REFERENCE_AMINO_ACID,ALTERNATE_AMINO_ACID,AMINO_ACID_POSITION,RS_DBSNP,GENE_SYMBOL,ENSEMBL_GENE_ID,ENSEMBL_TRANSCRIPT_ID,ENSEMBL_PROTEIN_ID,ALLELE_FREQUENCY_SOURCE,ALLELE_FREQUENCY
hg38,1,109737118,G,A,hg19,1,110279740,hg18,1,110081263,P,S,211,,GSTM3,ENSG00000134202,ENST00000256594,ENSP00000256594,GNOMEX,4.10576e-06
hg38,2,218679688,A,G,hg19,2,219544411,hg18,2,219252655,T,A,303,,STK36,ENSG00000163482,ENST00000295709,ENSP00000295709,GNOMEX,
hg38,3,190322082,G,C,hg19,3,190039871,hg18,3,191522565,T,S,42,,CLDN1,ENSG00000163347,ENST00000295522,ENSP00000295522,GNOMEX,3.42025e-06
hg38,4,40121769,A,G,hg19,4,40123389,hg18,4,39799784,I,V,1220,rs1717946042,N4BP2,ENSG00000078177,ENST00000261435,ENSP00000261435,GNOMEX,2.73657e-06
hg38,5,1432687,T,C,hg19,5,1432802,hg18,5,1485802,T,A,144,,SLC6A3,ENSG00000142319,ENST00000270349,ENSP00000270349,GNOMEX,
hg38,5,37815823,G,A,hg19,5,37815925,hg18,5,37851682,T,M,172,rs200174030,GDNF,ENSG00000168621,ENST00000427982,ENSP00000409007,GNOMEX,6.70401e-05
hg38,6,489025,G,C,hg19,6,489025,hg18,6,434025,Q,E,879,rs1763263793,EXOC2,ENSG00000112685,ENST00000230449,ENSP00000230449,GNOMEX,
hg38,6,10529778,G,A,hg19,6,10530011,hg18,6,10637997,W,X,289,,GCNT2,ENSG00000111846,ENST00000495262,ENSP00000419411,GNOMEX,
hg38,6,26285460,C,G,hg19,6,26285688,hg18,6,26393667,G,R,14,,HIST1H4H,ENSG00000158406,ENST00000377727,ENSP00000366956,GNOMEX,
hg38,6,32084548,G,A,hg19,6,32052325,hg18,6,32160303,Q,X,1104,,TNXB,ENSG00000168477,ENST00000375244,ENSP00000364393,GNOMEX,
hg38,6,32155879,T,A,hg19,6,32123656,hg18,6,32231634,Y,N,148,,PPT2,ENSG00000221988,ENST00000324816,ENSP00000320528,GNOMEX,
hg38,7,151082209,C,T,hg19,7,150779296,hg18,7,150410229,A,T,119,rs1585018489,TMUB1,ENSG00000164897,ENST00000392818,ENSP00000376565,GNOMEX,1.84965e-06
hg38,9,712804,G,A,hg19,9,712804,hg18,9,702804,V,M,680,rs1826544288,KANK1,ENSG00000107104,ENST00000619269,ENSP00000477725,GNOMEX,
hg38,9,3271045,G,C,hg19,9,3271045,hg18,9,3261045,S,C,387,rs1824364289,RFX3,ENSG00000080298,ENST00000617270,ENSP00000482598,GNOMEX,1.200560e-06
hg38,9,3330330,A,C,hg19,9,3330330,hg18,9,3320330,Y,D,135,rs1832443760,RFX3,ENSG00000080298,ENST00000617270,ENSP00000482598,GNOMEX,
hg38,9,3937120,C,T,hg19,9,3937120,hg18,9,3927120,E,K,594,rs1825943481,GLIS3,ENSG00000107249,ENST00000381971,ENSP00000371398,GNOMEX,4.10457e-06
hg38,9,4118820,C,T,hg19,9,4118820,hg18,9,4108820,A,T,220,,GLIS3,ENSG00000107249,ENST00000381971,ENSP00000371398,GNOMEX,6.8696e-07
hg38,9,5534796,G,A,hg19,9,5534796,hg18,9,5524796,S,N,36,,PDCD1LG2,ENSG00000197646,ENST00000397747,ENSP00000380855,GNOMEX,
hg38,9,5756246,A,G,hg19,9,5756246,hg18,9,5746246,N,S,576,rs1193681401,RIC1,ENSG00000107036,ENST00000414202,ENSP00000416696,GNOMEX,5.535470e-06
hg38,9,5906979,A,G,hg19,9,5906979,hg18,9,5896979,E,G,90,rs762931882,MLANA,ENSG00000120215,ENST00000381477,ENSP00000370886,GNOMEX,
hg38,9,6014079,C,T,hg19,9,6014079,hg18,9,6004079,R,Q,510,rs201025756,RANBP6,ENSG00000137040,ENST00000259569,ENSP00000259569,GNOMEX,6.157500e-06
hg38,9,6475450,T,C,hg19,9,6475450,hg18,9,6465450,I,T,308,,UHRF2,ENSG00000147854,ENST00000276893,ENSP00000276893,GNOMEX,
hg38,9,8507360,G,A,hg19,9,8507360,hg18,9,8497360,R,C,540,rs770164058,PTPRD,ENSG00000153707,ENST00000381196,ENSP00000370593,GNOMEX,4.788900e-06
hg38,9,15744466,T,C,hg19,9,15744464,hg18,9,15734464,L,S,748,,CCDC171,ENSG00000164989,ENST00000380701,ENSP00000370077,GNOMEX,
hg38,9,17484465,C,G,hg19,9,17484463,hg18,9,17474463,D,E,1342,,CNTLN,ENSG00000044459,ENST00000380647,ENSP00000370021,GNOMEX,
hg38,9,36219838,C,T,hg19,9,36219835,hg18,9,36209835,E,K,637,rs547919665,GNE,ENSG00000159921,ENST00000396594,ENSP00000379839,GNOMEX,3.18085e-06
hg38,9,37537684,G,A,hg19,9,37537681,hg18,9,37527681,T,I,282,,FBXO10,ENSG00000147912,ENST00000432825,ENSP00000403802,GNOMEX,
hg38,9,37541630,G,A,hg19,9,37541627,hg18,9,37531627,Q,X,47,,FBXO10,ENSG00000147912,ENST00000432825,ENSP00000403802,GNOMEX,
hg38,11,290566,G,A,hg19,11,290566,hg18,11,280566,D,N,146,,PGGHG,ENSG00000142102,ENST00000409548,ENSP00000387185,GNOMEX,
hg38,11,418794,G,T,hg19,11,418794,hg18,11,408794,P,T,686,rs1395482097,ANO9,ENSG00000185101,ENST00000332826,ENSP00000332788,GNOMEX,6.844580e-07
hg38,11,498026,C,T,hg19,11,498026,hg18,11,488026,V,M,358,rs746696140,RNH1,ENSG00000023191,ENST00000354420,ENSP00000346402,GNOMEX,3.078560e-05
hg38,11,608889,C,T,hg19,11,608889,hg18,11,598889,R,W,1145,rs577737445,PHRF1,ENSG00000070047,ENST00000264555,ENSP00000264555,GNOMEX,1.50672e-05
hg38,11,722444,C,T,hg19,11,722444,hg18,11,712444,S,F,368,,EPS8L2,ENSG00000177106,ENST00000533256,ENSP00000435585,GNOMEX,2.73742e-06
hg38,11,800598,C,T,hg19,11,800598,hg18,11,790598,M,I,662,,PIDD1,ENSG00000177595,ENST00000347755,ENSP00000337797,GNOMEX,
hg38,11,804192,A,C,hg19,11,804192,hg18,11,794192,F,C,66,,PIDD1,ENSG00000177595,ENST00000347755,ENSP00000337797,GNOMEX,
hg38,17,28749957,C,T,hg19,17,27076975,hg18,17,24101102,L,F,435,,TRAF4,ENSG00000076604,ENST00000444415,ENSP00000438154,GNOMEX,
hg38,17,47579509,G,A,hg19,17,45656875,hg18,17,43011874,E,K,180,,NPEPPS,ENSG00000141279,ENST00000322157,ENSP00000320324,GNOMEX,
hg38,18,2763713,A,G,hg19,18,2763711,hg18,18,2753711,D,G,1548,,SMCHD1,ENSG00000101596,ENST00000320876,ENSP00000326603,GNOMEX,
hg38,19,425225,G,A,hg19,19,425225,hg18,19,376225,P,L,394,rs763220073,SHC2,ENSG00000129946,ENST00000264554,ENSP00000264554,GNOMEX,9.456740e-05
hg38,19,578070,G,A,hg19,19,578070,hg18,19,529070,A,T,122,rs377178925,BSG,ENSG00000172270,ENST00000333511,ENSP00000333769,GNOMEX,2.06102e-06
hg38,19,619609,G,A,hg19,19,619609,hg18,19,570609,R,W,1015,rs751370183,POLRMT,ENSG00000099821,ENST00000588649,ENSP00000465759,GNOMEX,5.00391e-05
hg38,19,804058,G,T,hg19,19,804058,hg18,19,755058,K,N,46,,PTBP1,ENSG00000011304,ENST00000356948,ENSP00000349428,GNOMEX,
hg38,19,813355,C,T,hg19,19,813355,hg18,19,764355,E,K,486,,PLPPR3,ENSG00000129951,ENST00000359894,ENSP00000352962,GNOMEX,1.12609e-05
hg38,19,3976683,G,C,hg19,19,3976681,hg18,19,3927681,H,Q,816,,EEF2,ENSG00000167658,ENST00000309311,ENSP00000307940,GNOMEX,
hg38,19,4028554,C,T,hg19,19,4028552,hg18,19,3979552,P,L,209,,PIAS4,ENSG00000105229,ENST00000262971,ENSP00000262971,GNOMEX,
hg38,19,39380770,A,G,hg19,19,39871410,hg18,19,44563250,R,G,611,,SAMD4B,ENSG00000179134,ENST00000611159,ENSP00000482861,GNOMEX,7.12198e-07
hg38,19,40580566,G,C,hg19,19,41086472,hg18,19,45778312,G,A,188,,SHKBP1,ENSG00000160410,ENST00000291842,ENSP00000291842,GNOMEX,
