GENOME_ASSEMBLY,CHROMOSOME,POSITION,REFERENCE_NUCLEOTIDE,ALTERNATE_NUCLEOTIDE,SCORE_SOURCE,RAW_SCORE,RANK_SCORE
hg38,1,109737118,G,A,AlphaMissense,0.9257;0.9351,0.85425
hg38,1,109737118,G,A,BayesDel_addAF,0.106759,0.64765
hg38,1,109737118,G,A,BayesDel_noAF,-0.0844241,0.64328
hg38,1,109737118,G,A,CADD,4.977765,0.82466
hg38,1,109737118,G,A,ClinPred,0.995006478398497,0.86558
hg38,1,109737118,G,A,DANN,0.9988602324307174,0.96129
hg38,1,109737118,G,A,DEOGEN2,0.287824;0.287824,0.65871
hg38,1,109737118,G,A,ESM1B,-8.746;-8.746,0.66124
hg38,1,109737118,G,A,Eigen,1.0021236384857,0.95786
hg38,1,109737118,G,A,Eigen-PC,0.948231041943894,0.97335
hg38,1,109737118,G,A,LIST-S2,.;0.950905,0.81235
hg38,1,109737118,G,A,M-CAP,0.030584,0.52678
hg38,1,109737118,G,A,MVP,0.449187354989;0.449187354989,0.44158
hg38,1,109737118,G,A,MetaLR,0.0810,0.3181
hg38,1,109737118,G,A,MetaRNN,0.9157406;0.9157406,0.90834
hg38,1,109737118,G,A,MetaSVM,-0.9877,0.33057
hg38,1,109737118,G,A,MutAssessor,3.015;3.015,0.85979
hg38,1,109737118,G,A,MutFormer,0.14762694,0.70268
hg38,1,109737118,G,A,MutPred,0.8;0.8,0.91903
hg38,1,109737118,G,A,MutScore,0.78,0.87822
hg38,1,109737118,G,A,MutTaster,0.7;0.7,0.8241
hg38,1,109737118,G,A,PHACTboost,0.0187015219660015;0.0187015219660015,0.28901
hg38,1,109737118,G,A,PP2_HDIV,0.998;0.998,0.73231
hg38,1,109737118,G,A,PP2_HVAR,0.947;0.947,0.68403
hg38,1,109737118,G,A,PROVEAN,-6.46;-6.46,0.91456
hg38,1,109737118,G,A,PrimateAI,0.525352478027,0.42319
hg38,1,109737118,G,A,REVEL,0.492;0.492,0.77729
hg38,1,109737118,G,A,SIFT,0.0;0.0,0.91343
hg38,1,109737118,G,A,SIFT4G,0.041;0.041,0.50866
hg38,1,109737118,G,A,VAR_ER,0.76948756;0.76948756,0.8622
hg38,1,109737118,G,A,VAR_ERL,0.76948756;0.76948756,0.8622
hg38,1,109737118,G,A,VAR_R,0.9001142;0.9001142,0.91269
hg38,1,109737118,G,A,VAR_RL,0.9001142;0.9001142,0.9127
hg38,1,109737118,G,A,VEST4,0.581;0.56,0.60035
hg38,1,109737118,G,A,fathmm-XF,0.906573,0.859
hg38,1,109737118,G,A,gMVP,0.8287843016156206;.,0.82734
hg38,11,290566,G,A,AlphaMissense,0.0825;0.0967,0.15808
hg38,11,290566,G,A,BayesDel_addAF,-0.245297,0.14407
hg38,11,290566,G,A,BayesDel_noAF,-0.590128,0.13383
hg38,11,290566,G,A,CADD,2.629137,0.34245
hg38,11,290566,G,A,ClinPred,0.241847723722458,0.22235
hg38,11,290566,G,A,DANN,0.9985922124418248,0.93824
hg38,11,290566,G,A,DEOGEN2,0.016678;0.01133,0.13654
hg38,11,290566,G,A,ESM1B,-5.181;.,0.38794
hg38,11,290566,G,A,Eigen,-0.172332721897103,0.34013
hg38,11,290566,G,A,Eigen-PC,-0.112400019997725,0.34582
hg38,11,290566,G,A,LIST-S2,0.777722;0.777722,0.40911
hg38,11,290566,G,A,M-CAP,0.052565,0.64991
hg38,11,290566,G,A,MPC,0.118775379287;.,0.1313
hg38,11,290566,G,A,MVP,0.265010934533;0.265010934533,0.25706
hg38,11,290566,G,A,MetaLR,0.1251,0.42776
hg38,11,290566,G,A,MetaRNN,0.12875041;0.12875041,0.24198
hg38,11,290566,G,A,MetaSVM,-1.0130,0.25904
hg38,11,290566,G,A,MutFormer,0.00079586,0.13242
hg38,11,290566,G,A,MutPred,0.303;0.303,0.27037
hg38,11,290566,G,A,MutScore,0.041,0.09987
hg38,11,290566,G,A,PHACTboost,0.0290889739637895;.,0.32558
hg38,11,290566,G,A,PP2_HDIV,0.342;0.138,0.33508
hg38,11,290566,G,A,PP2_HVAR,0.063;0.082,0.291
hg38,11,290566,G,A,PROVEAN,-1.3;-1.3,0.32562
hg38,11,290566,G,A,PrimateAI,0.598767518997,0.52664
hg38,11,290566,G,A,REVEL,0.117;0.117,0.32487
hg38,11,290566,G,A,SIFT,0.277;0.316,0.15753
hg38,11,290566,G,A,SIFT4G,0.173;0.169,0.30851
hg38,11,290566,G,A,VAR_ER,0.090614006;.,0.21227
hg38,11,290566,G,A,VAR_ERL,0.090614006;.,0.21226
hg38,11,290566,G,A,VAR_R,0.08546943;.,0.19647
hg38,11,290566,G,A,VAR_RL,0.08546943;.,0.19647
hg38,11,290566,G,A,VEST4,0.129;0.418,0.45556
hg38,11,290566,G,A,fathmm-XF,0.305436,0.41091
hg38,11,290566,G,A,gMVP,0.3262528412054029;.,0.32338
hg38,11,418794,G,T,AlphaMissense,0.0895,0.12474
hg38,11,418794,G,T,BayesDel_addAF,-0.165355,0.25596
hg38,11,418794,G,T,BayesDel_noAF,-0.475297,0.24601
hg38,11,418794,G,T,CADD,0.534677,0.09062
hg38,11,418794,G,T,ClinPred,0.058052741161475,0.06784
hg38,11,418794,G,T,DANN,0.9241143052759564,0.22077
hg38,11,418794,G,T,DEOGEN2,0.311805,0.68188
hg38,11,418794,G,T,ESM1B,-4.633,0.32621
hg38,11,418794,G,T,Eigen,-0.84979016571217,0.1191
hg38,11,418794,G,T,Eigen-PC,-0.95300147234837,0.10668
hg38,11,418794,G,T,LIST-S2,0.741926,0.35902
hg38,11,418794,G,T,M-CAP,0.264837,0.89627
hg38,11,418794,G,T,MPC,0.268900675792,0.29106
hg38,11,418794,G,T,MVP,0.237489013734,0.22946
hg38,11,418794,G,T,MetaLR,0.2447,0.61181
hg38,11,418794,G,T,MetaRNN,0.29084843,0.46281
hg38,11,418794,G,T,MetaSVM,-0.8571,0.51277
hg38,11,418794,G,T,MutAssessor,1.53,0.38641
hg38,11,418794,G,T,MutFormer,0.00071599,0.12247
hg38,11,418794,G,T,MutPred,0.72,0.85426
hg38,11,418794,G,T,MutScore,0.012,0.01018
hg38,11,418794,G,T,PHACTboost,0.00324401108815767,0.15961
hg38,11,418794,G,T,PP2_HDIV,0.016,0.17346
hg38,11,418794,G,T,PP2_HVAR,0.016,0.17739
hg38,11,418794,G,T,PROVEAN,-3.44,0.67509
hg38,11,418794,G,T,PrimateAI,0.300139158964,0.10415
hg38,11,418794,G,T,REVEL,0.084,0.24298
hg38,11,418794,G,T,SIFT,0.03,0.45552
hg38,11,418794,G,T,SIFT4G,0.208,0.27183
hg38,11,418794,G,T,VAR_ER,0.041271158,0.04668
hg38,11,418794,G,T,VAR_ERL,0.041271158,0.04668
hg38,11,418794,G,T,VAR_R,0.030788446,0.02780
hg38,11,418794,G,T,VAR_RL,0.030788446,0.02779
hg38,11,418794,G,T,VEST4,0.101,0.08341
hg38,11,418794,G,T,fathmm-XF,0.048671,0.08194
hg38,11,418794,G,T,gMVP,0.4686855214345738,0.46589
hg38,11,498026,C,T,AlphaMissense,.;.;.;.;.;0.3198;.;0.1916;0.1897,0.54464
hg38,11,498026,C,T,BayesDel_addAF,-0.209761,0.19106
hg38,11,498026,C,T,BayesDel_noAF,-0.357555,0.3798
hg38,11,498026,C,T,CADD,1.517079,0.19513
hg38,11,498026,C,T,ClinPred,0.247262388467789,0.22479
hg38,11,498026,C,T,DANN,0.9937396212531092,0.61639
hg38,11,498026,C,T,DEOGEN2,0.077807;0.077807;0.077807;0.077807;0.077807;0.014775;0.077807;0.077807;0.077807,0.35478
hg38,11,498026,C,T,ESM1B,-5.818;-5.818;-5.818;-5.818;-5.818;.;-5.818;-5.818;-5.818,0.44787
hg38,11,498026,C,T,Eigen,-0.288656672930162,0.29305
hg38,11,498026,C,T,Eigen-PC,-0.521887125476586,0.21249
hg38,11,498026,C,T,LIST-S2,.;.;.;.;.;0.724828;.;.;0.732227,0.34551
hg38,11,498026,C,T,M-CAP,0.045215,0.61727
hg38,11,498026,C,T,MPC,0.233562834944;.;.;.;.;.;.;.;.,0.25597
hg38,11,498026,C,T,MVP,0.597428455468;0.597428455468;0.597428455468;0.597428455468;0.597428455468;0.597428455468;0.597428455468;0.597428455468;0.597428455468,0.59115
hg38,11,498026,C,T,MetaLR,0.1855,0.53311
hg38,11,498026,C,T,MetaRNN,0.5412266;0.5412266;0.5412266;0.5412266;0.5412266;0.5412266;0.5412266;0.5412266;0.5412266,0.63425
hg38,11,498026,C,T,MetaSVM,-0.9165,0.45828
hg38,11,498026,C,T,MutAssessor,2.37;2.37;2.37;2.37;2.37;.;2.37;2.37;2.37,0.68084
hg38,11,498026,C,T,MutFormer,0.01484735,0.45946
hg38,11,498026,C,T,MutPred,0.755;0.755;0.755;0.755;0.755;.;0.755;0.755;0.755,0.88426
hg38,11,498026,C,T,MutScore,0.149,0.38269
hg38,11,498026,C,T,MutTaster,0.12;0.12;0.12;0.12;0.12;.;0.12;0.12;0.12,0.31989
hg38,11,498026,C,T,PHACTboost,0.00631561277904245;0.00631561277904245;0.00631561277904245;0.00631561277904245;0.00631561277904245;.;0.00631561277904245;0.00631561277904245;0.00631561277904245,0.20499
hg38,11,498026,C,T,PP2_HDIV,0.994;0.994;0.994;0.994;0.994;.;0.994;0.994;0.994,0.66535
hg38,11,498026,C,T,PP2_HVAR,0.593;0.593;0.593;0.593;0.593;.;0.593;0.593;0.593,0.50534
hg38,11,498026,C,T,PROVEAN,-2.29;-2.29;-2.29;-2.29;-2.29;-1.6;-2.29;-2.29;-2.29,0.51010
hg38,11,498026,C,T,PrimateAI,0.462474942207,0.33607
hg38,11,498026,C,T,REVEL,0.242;0.242;0.242;0.242;0.242;0.242;0.242;0.242;0.242,0.54567
hg38,11,498026,C,T,SIFT,0.002;0.002;0.002;0.002;0.002;0.061;0.002;0.002;0.002,0.72322
hg38,11,498026,C,T,SIFT4G,0.027;0.027;0.027;0.027;0.027;0.011;0.027;0.027;0.027,0.65108
hg38,11,498026,C,T,VAR_ER,0.17572924;0.17572924;0.17572924;0.17572924;0.17572924;.;0.17572924;0.17572924;0.17572924,0.39925
hg38,11,498026,C,T,VAR_ERL,0.17572924;0.17572924;0.17572924;0.17572924;0.17572924;.;0.17572924;0.17572924;0.17572924,0.39925
hg38,11,498026,C,T,VAR_R,0.25914177;0.25914177;0.25914177;0.25914177;0.25914177;.;0.25914177;0.25914177;0.25914177,0.48635
hg38,11,498026,C,T,VAR_RL,0.25914177;0.25914177;0.25914177;0.25914177;0.25914177;.;0.25914177;0.25914177;0.25914177,0.48635
hg38,11,498026,C,T,VEST4,0.276;0.269;0.362;0.359;0.36;.;0.359;0.36;0.36,0.40116
hg38,11,498026,C,T,fathmm-XF,0.111176,0.21808
hg38,11,498026,C,T,gMVP,0.4242499186063008;.;.;.;.;.;.;.;.,0.42139
hg38,11,608889,C,T,AlphaMissense,0.0921;0.0961;0.1403;0.1371,0.30846
hg38,11,608889,C,T,BayesDel_addAF,-0.410939,0.01844
hg38,11,608889,C,T,BayesDel_noAF,-0.563633,0.15745
hg38,11,608889,C,T,CADD,1.923819,0.2448
hg38,11,608889,C,T,ClinPred,0.11492983377132,0.13751
hg38,11,608889,C,T,DANN,0.996754787128834,0.78934
hg38,11,608889,C,T,DEOGEN2,.;0.256823;0.118989;.,0.62569
hg38,11,608889,C,T,ESM1B,-7.23;-7.323;.;.,0.56429
hg38,11,608889,C,T,Eigen,-0.845466118090807,0.12015
hg38,11,608889,C,T,Eigen-PC,-0.941498505607829,0.10931
hg38,11,608889,C,T,LIST-S2,0.714229;0.714229;0.714229;0.714229,0.32419
hg38,11,608889,C,T,M-CAP,0.019958,0.42219
hg38,11,608889,C,T,MPC,0.452685363784;.;.;.,0.44696
hg38,11,608889,C,T,MVP,0.0675242888579;0.0675242888579;0.0675242888579;0.0675242888579,0.05873
hg38,11,608889,C,T,MetaLR,0.0280,0.11917
hg38,11,608889,C,T,MetaRNN,0.04636666;0.04636666;0.04636666;0.04636666,0.03821
hg38,11,608889,C,T,MetaSVM,-1.0387,0.17694
hg38,11,608889,C,T,MutAssessor,.;1.67;.;.,0.42718
hg38,11,608889,C,T,MutFormer,0.00046838,0.08516
hg38,11,608889,C,T,MutPred,.;0.335;.;.,0.32191
hg38,11,608889,C,T,MutScore,0.221,0.48777
hg38,11,608889,C,T,MutTaster,0.02;0.02;0.02;0.02,0.08015
hg38,11,608889,C,T,PHACTboost,.;0.0224567688429194;.;.,0.304
hg38,11,608889,C,T,PP2_HDIV,0.779;0.671;0.779;0.671,0.44237
hg38,11,608889,C,T,PP2_HVAR,0.17;0.082;0.17;0.082,0.353
hg38,11,608889,C,T,PROVEAN,-4.59;-4.79;-4.52;-4.79,0.80627
hg38,11,608889,C,T,PrimateAI,0.272746324539,0.06501
hg38,11,608889,C,T,REVEL,0.014;0.014;0.014;0.014,0.01935
hg38,11,608889,C,T,SIFT,0.026;0.026;0.027;0.027,0.47069
hg38,11,608889,C,T,SIFT4G,0.004;0.004;0.004;0.004,0.74454
hg38,11,608889,C,T,VAR_ER,.;0.086585365;.;.,0.20043
hg38,11,608889,C,T,VAR_ERL,.;0.086585365;.;.,0.20042
hg38,11,608889,C,T,VAR_R,.;0.069088526;.;.,0.14969
hg38,11,608889,C,T,VAR_RL,.;0.069088526;.;.,0.14968
hg38,11,608889,C,T,VEST4,0.271;0.247;0.265;0.271,0.30476
hg38,11,608889,C,T,fathmm-XF,0.257316,0.37404
hg38,11,608889,C,T,gMVP,.;0.1792046886075785;.;.,0.17663
hg38,11,722444,C,T,AlphaMissense,.;.;0.1101;0.0971;0.098;0.1072,0.21346
hg38,11,722444,C,T,BayesDel_addAF,-0.211006,0.18931
hg38,11,722444,C,T,BayesDel_noAF,-0.540872,0.17903
hg38,11,722444,C,T,CADD,1.973696,0.25116
hg38,11,722444,C,T,ClinPred,0.278683543205261,0.23835
hg38,11,722444,C,T,DANN,0.92299102477938,0.2194
hg38,11,722444,C,T,DEOGEN2,0.107476;.;.;0.107476;0.107476;.,0.41675
hg38,11,722444,C,T,ESM1B,-7.111;-7.123;.;-7.111;-7.111;-7.123,0.54995
hg38,11,722444,C,T,Eigen,-0.528304283436634,0.20918
hg38,11,722444,C,T,Eigen-PC,-0.623845296684853,0.18586
hg38,11,722444,C,T,LIST-S2,.;.;0.775222;.;0.775222;0.794021,0.43408
hg38,11,722444,C,T,M-CAP,0.01234,0.30561
hg38,11,722444,C,T,MPC,0.106116238043;.;.;.;.;.,0.1177
hg38,11,722444,C,T,MVP,0.229264304666;0.229264304666;.;0.229264304666;0.229264304666;0.229264304666,0.22117
hg38,11,722444,C,T,MetaLR,0.0285,0.12135
hg38,11,722444,C,T,MetaRNN,0.096096724;0.096096724;0.096096724;0.096096724;0.096096724;0.096096724,0.1704
hg38,11,722444,C,T,MetaSVM,-1.0371,0.18184
hg38,11,722444,C,T,MutAssessor,2.31;.;.;2.31;2.31;.,0.65934
hg38,11,722444,C,T,MutFormer,0.00017475,0.02486
hg38,11,722444,C,T,MutPred,0.399;.;0.399;0.399;0.399;.,0.42608
hg38,11,722444,C,T,MutScore,0.073,0.20544
hg38,11,722444,C,T,MutTaster,0.07;.;.;0.07;0.07;0.07,0.21442
hg38,11,722444,C,T,PHACTboost,0.00154805297330257;.;.;0.00154805297330257;0.00154805297330257;.,0.11653
hg38,11,722444,C,T,PP2_HDIV,0.454;.;.;0.454;0.454;.,0.36199
hg38,11,722444,C,T,PP2_HVAR,0.107;.;.;0.107;0.107;.,0.31213
hg38,11,722444,C,T,PROVEAN,-0.68;.;.;-0.68;-0.68;-0.78,0.21585
hg38,11,722444,C,T,PrimateAI,0.49927097559,0.38673
hg38,11,722444,C,T,REVEL,0.038;.;.;0.038;0.038;0.038,0.09722
hg38,11,722444,C,T,SIFT,0.61;.;.;0.61;0.61;0.639,0.05502
hg38,11,722444,C,T,SIFT4G,0.064;0.066;.;0.064;0.064;0.066,0.45254
hg38,11,722444,C,T,VAR_ER,0.06393395;.;.;0.06393395;0.06393395;.,0.12742
hg38,11,722444,C,T,VAR_ERL,0.06393395;.;.;0.06393395;0.06393395;.,0.12741
hg38,11,722444,C,T,VAR_R,0.099154435;.;.;0.099154435;0.099154435;.,0.23187
hg38,11,722444,C,T,VAR_RL,0.099154435;.;.;0.099154435;0.099154435;.,0.23186
hg38,11,722444,C,T,VEST4,0.224;0.226;.;0.227;0.227;0.228,0.25446
hg38,11,722444,C,T,fathmm-XF,0.044444,0.0703
hg38,11,722444,C,T,gMVP,0.34887389982172845;.;.;.;.;.,0.34599
hg38,11,800598,C,T,AlphaMissense,0.452;0.5442,0.66482
hg38,11,800598,C,T,BayesDel_addAF,-0.181702,0.23151
hg38,11,800598,C,T,BayesDel_noAF,-0.498779,0.2214
hg38,11,800598,C,T,CADD,2.324473,0.29823
hg38,11,800598,C,T,ClinPred,0.132796943187714,0.15441
hg38,11,800598,C,T,DANN,0.9607949392463442,0.28862
hg38,11,800598,C,T,DEOGEN2,.;0.217481,0.57782
hg38,11,800598,C,T,ESM1B,-8.207;-9.02,0.67904
hg38,11,800598,C,T,Eigen,-0.555901392415121,0.20055
hg38,11,800598,C,T,Eigen-PC,-0.458537804924339,0.2299
hg38,11,800598,C,T,LIST-S2,0.810419;0.810419,0.46002
hg38,11,800598,C,T,M-CAP,0.015841,0.36542
hg38,11,800598,C,T,MPC,.;0.0426891439191,0.04468
hg38,11,800598,C,T,MVP,0.321672782286;0.321672782286,0.31353
hg38,11,800598,C,T,MetaLR,0.0533,0.22419
hg38,11,800598,C,T,MetaRNN,0.06690773;0.06690773,0.09210
hg38,11,800598,C,T,MetaSVM,-1.0542,0.13256
hg38,11,800598,C,T,MutAssessor,1.245;1.245,0.31258
hg38,11,800598,C,T,MutFormer,0.01627817,0.47009
hg38,11,800598,C,T,MutPred,0.227;0.227,0.15175
hg38,11,800598,C,T,MutScore,0.077,0.21727
hg38,11,800598,C,T,PHACTboost,.;0.0481462527291588,0.36853
hg38,11,800598,C,T,PP2_HDIV,0.004;0.003,0.12194
hg38,11,800598,C,T,PP2_HVAR,0.004;0.008,0.13705
hg38,11,800598,C,T,PROVEAN,-1.01;-1.03,0.27007
hg38,11,800598,C,T,PrimateAI,0.554488182068,0.46423
hg38,11,800598,C,T,REVEL,0.025;0.025,0.05242
hg38,11,800598,C,T,SIFT,0.366;0.109,0.29423
hg38,11,800598,C,T,SIFT4G,0.277;0.276,0.22220
hg38,11,800598,C,T,VAR_ER,.;0.13208434,0.31619
hg38,11,800598,C,T,VAR_ERL,.;0.13208434,0.31618
hg38,11,800598,C,T,VAR_R,.;0.15402229,0.34594
hg38,11,800598,C,T,VAR_RL,.;0.15402229,0.34593
hg38,11,800598,C,T,VEST4,0.229;0.287,0.32259
hg38,11,800598,C,T,fathmm-XF,0.399135,0.47275
hg38,11,800598,C,T,gMVP,.;0.48113496349147283,0.47837
hg38,11,804192,A,C,AlphaMissense,0.8191;0.779,0.78144
hg38,11,804192,A,C,BayesDel_addAF,-0.0395129,0.45685
hg38,11,804192,A,C,BayesDel_noAF,-0.294534,0.4496
hg38,11,804192,A,C,CADD,4.027377,0.59602
hg38,11,804192,A,C,ClinPred,0.980884075164795,0.73417
hg38,11,804192,A,C,DANN,0.991904105165653,0.55038
hg38,11,804192,A,C,DEOGEN2,.;0.326777,0.69558
hg38,11,804192,A,C,ESM1B,-7.905;-7.834,0.60494
hg38,11,804192,A,C,Eigen,0.395836990074148,0.60993
hg38,11,804192,A,C,Eigen-PC,0.374021865364955,0.59754
hg38,11,804192,A,C,LIST-S2,0.843416;0.843416,0.51895
hg38,11,804192,A,C,M-CAP,0.098984,0.7696
hg38,11,804192,A,C,MPC,.;0.31874087075,0.33796
hg38,11,804192,A,C,MVP,0.53046153047;0.53046153047,0.52349
hg38,11,804192,A,C,MetaLR,0.0719,0.29009
hg38,11,804192,A,C,MetaRNN,0.78921425;0.78921425,0.78299
hg38,11,804192,A,C,MetaSVM,-0.9575,0.39473
hg38,11,804192,A,C,MutAssessor,3.03;3.03,0.86272
hg38,11,804192,A,C,MutFormer,0.00612671,0.35577
hg38,11,804192,A,C,MutPred,0.632;0.632,0.76717
hg38,11,804192,A,C,MutScore,0.209,0.47298
hg38,11,804192,A,C,PHACTboost,.;0.208418694436429,0.50336
hg38,11,804192,A,C,PP2_HDIV,1.0;0.999,0.9058
hg38,11,804192,A,C,PP2_HVAR,0.964;0.921,0.71005
hg38,11,804192,A,C,PROVEAN,-2.3;-2.34,0.5183
hg38,11,804192,A,C,PrimateAI,0.579654157162,0.49971
hg38,11,804192,A,C,REVEL,0.286;0.286,0.60256
hg38,11,804192,A,C,SIFT,0.013;0.002,0.72322
hg38,11,804192,A,C,SIFT4G,0.002;0.003,0.79703
hg38,11,804192,A,C,VAR_ER,.;0.24828033,0.50184
hg38,11,804192,A,C,VAR_ERL,.;0.24828033,0.50183
hg38,11,804192,A,C,VAR_R,.;0.22674936,0.45035
hg38,11,804192,A,C,VAR_RL,.;0.22674936,0.45035
hg38,11,804192,A,C,VEST4,0.647;0.757,0.75453
hg38,11,804192,A,C,fathmm-XF,0.663295,0.63154
hg38,11,804192,A,C,gMVP,.;0.4253677547867909,0.42251
hg38,17,28749957,C,T,AlphaMissense,0.2207,0.45163
hg38,17,28749957,C,T,BayesDel_addAF,-0.315719,0.07055
hg38,17,28749957,C,T,BayesDel_noAF,-0.691285,0.0612
hg38,17,28749957,C,T,CADD,1.206932,0.16016
hg38,17,28749957,C,T,DANN,0.846922567709018,0.15678
hg38,17,28749957,C,T,DEOGEN2,0.053977,0.2935
hg38,17,28749957,C,T,LIST-S2,0.330567,0.06799
hg38,17,28749957,C,T,M-CAP,0.009625,0.2488
hg38,17,28749957,C,T,MVP,0.592786806985,0.58645
hg38,17,28749957,C,T,MetaRNN,0.11321741,0.21017
hg38,17,28749957,C,T,VEST4,0.176,0.18802
hg38,17,28749957,C,T,fathmm-XF,0.108404,0.21355
hg38,17,47579509,G,A,AlphaMissense,0.9894;0.9951;.;0.9973;.;.,0.96856
hg38,17,47579509,G,A,BayesDel_addAF,0.264482,0.79795
hg38,17,47579509,G,A,BayesDel_noAF,0.142133,0.79532
hg38,17,47579509,G,A,CADD,6.14463,0.94669
hg38,17,47579509,G,A,ClinPred,0.998452663421631,0.94146
hg38,17,47579509,G,A,DANN,0.9990351670286292,0.97503
hg38,17,47579509,G,A,DEOGEN2,.;.;.;0.33293;0.33293;.,0.70108
hg38,17,47579509,G,A,ESM1B,.;.;.;-14.513;-14.513;.,0.94615
hg38,17,47579509,G,A,Eigen,1.09859937934241,0.98097
hg38,17,47579509,G,A,Eigen-PC,0.981006318490123,0.98216
hg38,17,47579509,G,A,LIST-S2,0.971903;0.961604;.;.;0.961604;.,0.89811
hg38,17,47579509,G,A,M-CAP,0.101843,0.77426
hg38,17,47579509,G,A,MPC,.;.;.;3.37465409467;.;.,0.99679
hg38,17,47579509,G,A,MVP,0.561097471998;0.561097471998;.;0.561097471998;.;.,0.55441
hg38,17,47579509,G,A,MetaLR,0.1609,0.49401
hg38,17,47579509,G,A,MetaRNN,0.87730384;0.87730384;.;0.87730384;.;.,0.86885
hg38,17,47579509,G,A,MetaSVM,-0.2297,0.76791
hg38,17,47579509,G,A,MutAssessor,.;.;.;4.175;4.175;.,0.97658
hg38,17,47579509,G,A,MutFormer,0.68466216,0.85754
hg38,17,47579509,G,A,MutPred,.;.;0.714;0.714;0.714;0.714,0.8489
hg38,17,47579509,G,A,MutScore,0.825,0.90346
hg38,17,47579509,G,A,PHACTboost,.;.;.;0.990194243063822;0.990194243063822;.,0.88481
hg38,17,47579509,G,A,PP2_HDIV,.;1.0;.;1.0;1.0;.,0.9058
hg38,17,47579509,G,A,PP2_HVAR,.;0.997;.;0.997;0.997;.,0.86259
hg38,17,47579509,G,A,PROVEAN,-3.87;-3.47;.;-3.47;.;.,0.72631
hg38,17,47579509,G,A,PrimateAI,0.884539604187,0.94557
hg38,17,47579509,G,A,REVEL,0.547;0.547;.;0.547;.;.,0.81097
hg38,17,47579509,G,A,SIFT,0.001;0.002;.;0.002;.;.,0.78662
hg38,17,47579509,G,A,SIFT4G,0.004;0.004;.;0.004;.;.,0.74454
hg38,17,47579509,G,A,VAR_ER,.;.;.;0.7096415;0.7096415;.,0.82673
hg38,17,47579509,G,A,VAR_ERL,.;.;.;0.7096415;0.7096415;.,0.82674
hg38,17,47579509,G,A,VAR_R,.;.;.;0.79815173;0.79815173;.,0.83582
hg38,17,47579509,G,A,VAR_RL,.;.;.;0.79815173;0.79815173;.,0.83583
hg38,17,47579509,G,A,VEST4,.;0.933;.;0.931;.;.,0.9385
hg38,17,47579509,G,A,fathmm-XF,0.930402,0.91736
hg38,17,47579509,G,A,gMVP,.;.;.;0.9865855940161881;.;.,0.98647
hg38,18,2763713,A,G,AlphaMissense,.;0.1433,0.3161
hg38,18,2763713,A,G,BayesDel_addAF,0.163994,0.70354
hg38,18,2763713,A,G,BayesDel_noAF,-0.0022101,0.69974
hg38,18,2763713,A,G,CADD,4.676984,0.74861
hg38,18,2763713,A,G,ClinPred,0.717964708805084,0.41296
hg38,18,2763713,A,G,DANN,0.9507220120630728,0.26344
hg38,18,2763713,A,G,DEOGEN2,.;0.193397,0.54663
hg38,18,2763713,A,G,ESM1B,.;-3.453,0.15793
hg38,18,2763713,A,G,Eigen,0.430139967927741,0.62895
hg38,18,2763713,A,G,Eigen-PC,0.394728695124464,0.6103
hg38,18,2763713,A,G,LIST-S2,.;0.779722,0.41229
hg38,18,2763713,A,G,M-CAP,0.042516,0.60353
hg38,18,2763713,A,G,MPC,.;0.325713133876,0.34428
hg38,18,2763713,A,G,MVP,.;0.580656232309,0.57419
hg38,18,2763713,A,G,MetaLR,0.1045,0.38106
hg38,18,2763713,A,G,MetaRNN,.;0.40585992,0.55538
hg38,18,2763713,A,G,MetaSVM,-0.8301,0.53107
hg38,18,2763713,A,G,MutAssessor,.;1.7,0.43657
hg38,18,2763713,A,G,MutFormer,0.74263150,0.87002
hg38,18,2763713,A,G,MutPred,.;0.203,0.11731
hg38,18,2763713,A,G,MutScore,0.082,0.23159
hg38,18,2763713,A,G,PHACTboost,.;0.290164767670407,0.53846
hg38,18,2763713,A,G,PP2_HDIV,.;0.992,0.64752
hg38,18,2763713,A,G,PP2_HVAR,.;0.778,0.57206
hg38,18,2763713,A,G,PROVEAN,.;-1.38,0.34175
hg38,18,2763713,A,G,PrimateAI,0.522774577141,0.41957
hg38,18,2763713,A,G,REVEL,.;0.165,0.42174
hg38,18,2763713,A,G,SIFT,.;0.207,0.19959
hg38,18,2763713,A,G,SIFT4G,.;0.475,0.12257
hg38,18,2763713,A,G,VAR_ER,.;0.10442495,0.25029
hg38,18,2763713,A,G,VAR_ERL,.;0.10442495,0.25028
hg38,18,2763713,A,G,VAR_R,.;0.10272623,0.24059
hg38,18,2763713,A,G,VAR_RL,.;0.10272623,0.24059
hg38,18,2763713,A,G,VEST4,.;0.533,0.55921
hg38,18,2763713,A,G,fathmm-XF,0.434292,0.49367
hg38,18,2763713,A,G,gMVP,.;0.6672667853968536,0.66501
hg38,19,425225,G,A,AlphaMissense,0.0745,0.05338
hg38,19,425225,G,A,BayesDel_addAF,-0.19676,0.20954
hg38,19,425225,G,A,BayesDel_noAF,-0.520408,0.19933
hg38,19,425225,G,A,CADD,2.708151,0.35459
hg38,19,425225,G,A,ClinPred,0.0993290605302531,0.12128
hg38,19,425225,G,A,DANN,0.8319342072908436,0.14821
hg38,19,425225,G,A,DEOGEN2,0.397631,0.75424
hg38,19,425225,G,A,ESM1B,-4.013,0.24020
hg38,19,425225,G,A,Eigen,-0.852132962034325,0.11853
hg38,19,425225,G,A,Eigen-PC,-0.834377492629247,0.13429
hg38,19,425225,G,A,LIST-S2,0.680032,0.28599
hg38,19,425225,G,A,M-CAP,0.023508,0.46258
hg38,19,425225,G,A,MPC,0.0736799404542,0.08083
hg38,19,425225,G,A,MVP,0.412064437402,0.40428
hg38,19,425225,G,A,MetaLR,0.0439,0.18723
hg38,19,425225,G,A,MetaRNN,0.21127397,0.37165
hg38,19,425225,G,A,MetaSVM,-1.0586,0.12117
hg38,19,425225,G,A,MutAssessor,1.9,0.50391
hg38,19,425225,G,A,MutFormer,0.00022088,0.03614
hg38,19,425225,G,A,MutPred,0.229,0.15472
hg38,19,425225,G,A,MutScore,0.095,0.26662
hg38,19,425225,G,A,MutTaster,0.01,0.05039
hg38,19,425225,G,A,PHACTboost,0.0236283296401677,0.30821
hg38,19,425225,G,A,PP2_HDIV,0.016,0.17346
hg38,19,425225,G,A,PP2_HVAR,0.01,0.14938
hg38,19,425225,G,A,PROVEAN,-1.13,0.29076
hg38,19,425225,G,A,PrimateAI,0.758985877037,0.75735
hg38,19,425225,G,A,REVEL,0.059,0.16832
hg38,19,425225,G,A,SIFT,0.592,0.05807
hg38,19,425225,G,A,SIFT4G,0.198,0.28071
hg38,19,425225,G,A,VAR_ER,0.063963436,0.12752
hg38,19,425225,G,A,VAR_ERL,0.063963436,0.12752
hg38,19,425225,G,A,VAR_R,0.06369863,0.13318
hg38,19,425225,G,A,VAR_RL,0.06369863,0.13317
hg38,19,425225,G,A,VEST4,0.453,0.48811
hg38,19,425225,G,A,fathmm-XF,0.127521,0.24278
hg38,19,425225,G,A,gMVP,0.17706020803681427,0.17450
hg38,19,578070,G,A,AlphaMissense,0.0917,0.13515
hg38,19,578070,G,A,BayesDel_addAF,-0.268927,0.11628
hg38,19,578070,G,A,BayesDel_noAF,-0.624071,0.10621
hg38,19,578070,G,A,CADD,0.359739,0.07351
hg38,19,578070,G,A,ClinPred,0.0541916154325008,0.06157
hg38,19,578070,G,A,DANN,0.8229349907974337,0.14341
hg38,19,578070,G,A,DEOGEN2,0.175741,0.52305
hg38,19,578070,G,A,ESM1B,-4.013,0.2402
hg38,19,578070,G,A,Eigen,-0.983440302044063,0.08849
hg38,19,578070,G,A,Eigen-PC,-0.92413509859963,0.11327
hg38,19,578070,G,A,LIST-S2,0.525647,0.17006
hg38,19,578070,G,A,M-CAP,0.017823,0.39425
hg38,19,578070,G,A,MPC,0.163236036559,0.18149
hg38,19,578070,G,A,MVP,0.132336055621,0.12456
hg38,19,578070,G,A,MetaLR,0.0531,0.22342
hg38,19,578070,G,A,MetaRNN,0.0291892,0.01046
hg38,19,578070,G,A,MetaSVM,-1.0068,0.27828
hg38,19,578070,G,A,MutAssessor,-0.265,0.0378
hg38,19,578070,G,A,MutFormer,0.00502187,0.3327
hg38,19,578070,G,A,MutPred,0.385,0.40316
hg38,19,578070,G,A,MutScore,0.03,0.06148
hg38,19,578070,G,A,MutTaster,0.03,0.10877
hg38,19,578070,G,A,PHACTboost,0.00143615511564666,0.11273
hg38,19,578070,G,A,PP2_HDIV,0.094,0.25399
hg38,19,578070,G,A,PP2_HVAR,0.01,0.14938
hg38,19,578070,G,A,PROVEAN,-0.32,0.12213
hg38,19,578070,G,A,PrimateAI,0.426590144634,0.28708
hg38,19,578070,G,A,REVEL,0.028,0.06252
hg38,19,578070,G,A,SIFT,1.0,0.00968
hg38,19,578070,G,A,SIFT4G,0.992,0.02388
hg38,19,578070,G,A,VAR_ER,0.029125445,0.01225
hg38,19,578070,G,A,VAR_ERL,0.029125445,0.01225
hg38,19,578070,G,A,VAR_R,0.037845656,0.04883
hg38,19,578070,G,A,VAR_RL,0.037845656,0.04882
hg38,19,578070,G,A,VEST4,0.035,0.00996
hg38,19,578070,G,A,fathmm-XF,0.021108,0.00896
hg38,19,578070,G,A,gMVP,0.17563226193124493,0.17307
hg38,19,619609,G,A,AlphaMissense,0.1304,0.28119
hg38,19,619609,G,A,BayesDel_addAF,-0.208216,0.19321
hg38,19,619609,G,A,BayesDel_noAF,-0.206863,0.53681
hg38,19,619609,G,A,CADD,4.801829,0.78068
hg38,19,619609,G,A,ClinPred,0.7438023686409,0.42648
hg38,19,619609,G,A,DANN,0.9982166755944119,0.90422
hg38,19,619609,G,A,DEOGEN2,0.334177,0.70219
hg38,19,619609,G,A,ESM1B,-9.8,0.72784
hg38,19,619609,G,A,Eigen,0.184505635453849,0.50212
hg38,19,619609,G,A,Eigen-PC,0.0277532189891771,0.40719
hg38,19,619609,G,A,LIST-S2,0.967203,0.88094
hg38,19,619609,G,A,M-CAP,0.235153,0.88414
hg38,19,619609,G,A,MPC,0.202593536193,0.22402
hg38,19,619609,G,A,MVP,0.700564330151,0.6956
hg38,19,619609,G,A,MetaLR,0.2532,0.62168
hg38,19,619609,G,A,MetaRNN,0.68774545,0.71407
hg38,19,619609,G,A,MetaSVM,-0.4944,0.68712
hg38,19,619609,G,A,MutAssessor,3.06,0.86793
hg38,19,619609,G,A,MutFormer,0.02536043,0.52075
hg38,19,619609,G,A,MutPred,0.541,0.65184
hg38,19,619609,G,A,MutScore,0.315,0.58113
hg38,19,619609,G,A,MutTaster,0.3,0.55288
hg38,19,619609,G,A,PHACTboost,0.582006484659618,0.63269
hg38,19,619609,G,A,PP2_HDIV,1.0,0.9058
hg38,19,619609,G,A,PP2_HVAR,0.993,0.81117
hg38,19,619609,G,A,PrimateAI,0.335541069508,0.15755
hg38,19,619609,G,A,SIFT4G,0.002,0.79703
hg38,19,619609,G,A,VAR_ER,0.7067741,0.82509
hg38,19,619609,G,A,VAR_ERL,0.7067741,0.8251
hg38,19,619609,G,A,VAR_R,0.8437342,0.86701
hg38,19,619609,G,A,VAR_RL,0.8437342,0.86703
hg38,19,619609,G,A,VEST4,0.519,0.54704
hg38,19,619609,G,A,fathmm-XF,0.724532,0.67262
hg38,19,619609,G,A,gMVP,0.6250689894399025,0.62266
hg38,19,804058,G,T,AlphaMissense,0.9753;0.9748;0.9644;0.9632;0.9474;0.9656;.;0.9616,0.90248
hg38,19,804058,G,T,BayesDel_addAF,0.017431,0.53722
hg38,19,804058,G,T,BayesDel_noAF,-0.212738,0.53117
hg38,19,804058,G,T,CADD,3.921168,0.57325
hg38,19,804058,G,T,ClinPred,0.982969880104065,0.74632
hg38,19,804058,G,T,DANN,0.9958768879609639,0.73427
hg38,19,804058,G,T,DEOGEN2,.;.;.;0.542182;.;0.317486;.;.,0.84202
hg38,19,804058,G,T,ESM1B,.;.;.;-13.845;-13.868;.;.;.,0.92635
hg38,19,804058,G,T,Eigen,-0.200620207270734,0.32831
hg38,19,804058,G,T,Eigen-PC,-0.136777225651981,0.33612
hg38,19,804058,G,T,LIST-S2,0.885811;0.885811;0.885811;0.885811;0.885811;0.885811;.;0.885811,0.61063
hg38,19,804058,G,T,M-CAP,0.13611,0.81807
hg38,19,804058,G,T,MPC,.;.;.;0.679172418176;.;.;.;.,0.59653
hg38,19,804058,G,T,MVP,.;0.819295629055;0.819295629055;0.819295629055;0.819295629055;0.819295629055;.;0.819295629055,0.81616
hg38,19,804058,G,T,MetaLR,0.1091,0.39226
hg38,19,804058,G,T,MetaRNN,0.2699111;0.2699111;0.2699111;0.2699111;0.2699111;0.2699111;.;0.26991096,0.44132
hg38,19,804058,G,T,MetaSVM,-0.9688,0.37294
hg38,19,804058,G,T,MutAssessor,.;2.52;.;2.52;2.52;.;.;.,0.73336
hg38,19,804058,G,T,MutFormer,0.01110868,0.42557
hg38,19,804058,G,T,MutPred,0.353;0.353;.;0.353;0.353;0.353;.;.,0.35104
hg38,19,804058,G,T,MutScore,0.521,0.72793
hg38,19,804058,G,T,PHACTboost,.;0.994988513280789;.;0.994988513280789;.;.;.;.,0.9101
hg38,19,804058,G,T,PP2_HDIV,.;.;.;0.159;0.301;.;.;.,0.32591
hg38,19,804058,G,T,PP2_HVAR,.;.;.;0.111;0.315;.;.;.,0.41566
hg38,19,804058,G,T,PROVEAN,.;-4.02;.;-4.15;-4.18;.;.;.,0.75566
hg38,19,804058,G,T,PrimateAI,0.685522139072,0.65004
hg38,19,804058,G,T,REVEL,.;0.066;.;0.066;0.066;.;.;.,0.19044
hg38,19,804058,G,T,SIFT,.;0.001;.;0.001;0.001;.;.;.,0.78662
hg38,19,804058,G,T,SIFT4G,0.027;0.028;0.035;0.028;0.029;0.026;.;0.032,0.56104
hg38,19,804058,G,T,VAR_ER,.;.;.;0.5924779;.;.;.;.,0.76104
hg38,19,804058,G,T,VAR_ERL,.;.;.;0.5924779;.;.;.;.,0.76105
hg38,19,804058,G,T,VAR_R,.;.;.;0.8530265;.;.;.;.,0.87392
hg38,19,804058,G,T,VAR_RL,.;.;.;0.8530265;.;.;.;.,0.87394
hg38,19,804058,G,T,VEST4,0.477;0.59;.;0.57;0.572;.;.;0.565,0.60801
hg38,19,804058,G,T,fathmm-XF,0.600258,0.59151
hg38,19,804058,G,T,gMVP,.;.;.;0.6789664221692944;.;.;.;.,0.67676
hg38,19,813355,C,T,AlphaMissense,0.1286;.;0.1154;.,0.27586
hg38,19,813355,C,T,BayesDel_addAF,-0.220535,0.17623
hg38,19,813355,C,T,BayesDel_noAF,-0.55456,0.16592
hg38,19,813355,C,T,CADD,1.979178,0.25186
hg38,19,813355,C,T,ClinPred,0.0912684818036311,0.11224
hg38,19,813355,C,T,DANN,0.9525448020752236,0.26743
hg38,19,813355,C,T,DEOGEN2,.;0.01256;0.01256;.,0.10954
hg38,19,813355,C,T,ESM1B,-9.79;-9.595;-9.595;.,0.72723
hg38,19,813355,C,T,Eigen,-0.715365173900203,0.15399
hg38,19,813355,C,T,Eigen-PC,-0.7184969496663,0.16226
hg38,19,813355,C,T,LIST-S2,0.578142;.;0.578142;.,0.20564
hg38,19,813355,C,T,M-CAP,0.025366,0.48134
hg38,19,813355,C,T,MPC,0.494036468914;.;.;.,0.47688
hg38,19,813355,C,T,MVP,0.267755039894;.;0.267755039894;.,0.25989
hg38,19,813355,C,T,MetaLR,0.0292,0.12441
hg38,19,813355,C,T,MetaRNN,0.05949557;.;0.05949557;.,0.07146
hg38,19,813355,C,T,MetaSVM,-1.0161,0.24917
hg38,19,813355,C,T,MutFormer,0.00391027,0.30351
hg38,19,813355,C,T,MutPred,.;0.094;0.094;.,0.01187
hg38,19,813355,C,T,MutScore,0.089,0.25085
hg38,19,813355,C,T,MutTaster,0.04;.;0.03;.,0.13669
hg38,19,813355,C,T,PHACTboost,.;0.0691593190945269;0.0691593190945269;.,0.40018
hg38,19,813355,C,T,PP2_HDIV,0.275;0.049;0.049;.,0.31916
hg38,19,813355,C,T,PP2_HVAR,0.06;0.028;0.028;.,0.26718
hg38,19,813355,C,T,PROVEAN,-0.65;.;-0.65;.,0.18812
hg38,19,813355,C,T,PrimateAI,0.799498677254,0.81854
hg38,19,813355,C,T,REVEL,0.074;.;0.074;.,0.21454
hg38,19,813355,C,T,SIFT,0.59;.;0.587;.,0.05898
hg38,19,813355,C,T,SIFT4G,0.869;.;0.87;.,0.03376
hg38,19,813355,C,T,VAR_ER,.;0.07230903;0.07230903;.,0.15575
hg38,19,813355,C,T,VAR_ERL,.;0.07230903;0.07230903;.,0.15575
hg38,19,813355,C,T,VAR_R,.;0.11773879;0.11773879;.,0.27506
hg38,19,813355,C,T,VAR_RL,.;0.11773879;0.11773879;.,0.27506
hg38,19,813355,C,T,VEST4,0.255;.;0.212;.,0.2865
hg38,19,813355,C,T,fathmm-XF,0.09039,0.18113
hg38,19,813355,C,T,gMVP,0.27578942248495397;.;.;.,0.27295
hg38,19,3976683,G,C,AlphaMissense,0.9801,0.91138
hg38,19,3976683,G,C,BayesDel_addAF,0.220806,0.7567
hg38,19,3976683,G,C,BayesDel_noAF,0.0793959,0.75354
hg38,19,3976683,G,C,CADD,4.779352,0.77499
hg38,19,3976683,G,C,ClinPred,0.998541116714478,0.94400
hg38,19,3976683,G,C,DANN,0.9948199503103108,0.67002
hg38,19,3976683,G,C,DEOGEN2,0.445727,0.78705
hg38,19,3976683,G,C,ESM1B,-11.895,0.84380
hg38,19,3976683,G,C,Eigen,0.762244242502804,0.83612
hg38,19,3976683,G,C,Eigen-PC,0.630724618266049,0.77056
hg38,19,3976683,G,C,LIST-S2,0.975102,0.91215
hg38,19,3976683,G,C,M-CAP,0.105346,0.77972
hg38,19,3976683,G,C,MVP,0.792132071803,0.78855
hg38,19,3976683,G,C,MetaLR,0.5450,0.83207
hg38,19,3976683,G,C,MetaRNN,0.8854335,0.87736
hg38,19,3976683,G,C,MetaSVM,0.1944,0.85753
hg38,19,3976683,G,C,MutAssessor,3.855,0.95736
hg38,19,3976683,G,C,MutFormer,0.94854385,0.93295
hg38,19,3976683,G,C,MutPred,0.743,0.87423
hg38,19,3976683,G,C,MutScore,0.691,0.82854
hg38,19,3976683,G,C,PHACTboost,0.999885123277886,0.98571
hg38,19,3976683,G,C,PP2_HDIV,0.997,0.70687
hg38,19,3976683,G,C,PP2_HVAR,0.995,0.83178
hg38,19,3976683,G,C,PROVEAN,-6.16,0.90233
hg38,19,3976683,G,C,PrimateAI,0.836631298065,0.87558
hg38,19,3976683,G,C,REVEL,0.562,0.81969
hg38,19,3976683,G,C,SIFT,0.0,0.91343
hg38,19,3976683,G,C,SIFT4G,0.05,0.48432
hg38,19,3976683,G,C,VAR_ER,0.81885624,0.89329
hg38,19,3976683,G,C,VAR_ERL,0.81885624,0.89330
hg38,19,3976683,G,C,VAR_R,0.8959868,0.90899
hg38,19,3976683,G,C,VAR_RL,0.8959868,0.90900
hg38,19,3976683,G,C,VEST4,0.812,0.807
hg38,19,3976683,G,C,fathmm-XF,0.636988,0.61456
hg38,19,3976683,G,C,gMVP,0.9218601208276073,0.92113
hg38,19,4028554,C,T,AlphaMissense,0.997,0.9665
hg38,19,4028554,C,T,BayesDel_addAF,0.45633,0.92705
hg38,19,4028554,C,T,BayesDel_noAF,0.41771,0.92616
hg38,19,4028554,C,T,CADD,5.628903,0.92669
hg38,19,4028554,C,T,ClinPred,0.999708116054535,0.98567
hg38,19,4028554,C,T,DANN,0.998979612392176,0.9705
hg38,19,4028554,C,T,DEOGEN2,0.604237,0.87244
hg38,19,4028554,C,T,ESM1B,-11.364,0.81673
hg38,19,4028554,C,T,Eigen,0.795653085460535,0.85756
hg38,19,4028554,C,T,Eigen-PC,0.737150000207928,0.85114
hg38,19,4028554,C,T,LIST-S2,0.997217,0.9892
hg38,19,4028554,C,T,M-CAP,0.361278,0.92502
hg38,19,4028554,C,T,MPC,1.79356630944,0.91506
hg38,19,4028554,C,T,MVP,0.957849119922,0.95703
hg38,19,4028554,C,T,MetaLR,0.8188,0.93887
hg38,19,4028554,C,T,MetaRNN,0.9631765,0.95707
hg38,19,4028554,C,T,MetaSVM,0.8332,0.94804
hg38,19,4028554,C,T,MutAssessor,2.165,0.60375
hg38,19,4028554,C,T,MutFormer,0.49887416,0.81865
hg38,19,4028554,C,T,MutPred,0.786,0.9087
hg38,19,4028554,C,T,MutScore,0.942,0.97259
hg38,19,4028554,C,T,PHACTboost,0.998450842051567,0.94483
hg38,19,4028554,C,T,PP2_HDIV,1.0,0.9058
hg38,19,4028554,C,T,PP2_HVAR,0.991,0.7968
hg38,19,4028554,C,T,PROVEAN,-9.3,0.98317
hg38,19,4028554,C,T,PrimateAI,0.84791713953,0.89281
hg38,19,4028554,C,T,REVEL,0.924,0.98114
hg38,19,4028554,C,T,SIFT,0.0,0.91343
hg38,19,4028554,C,T,SIFT4G,0.0,0.92967
hg38,19,4028554,C,T,VAR_ER,0.7039961,0.8235
hg38,19,4028554,C,T,VAR_ERL,0.7039961,0.82351
hg38,19,4028554,C,T,VAR_R,0.86617655,0.88404
hg38,19,4028554,C,T,VAR_RL,0.86617655,0.88406
hg38,19,4028554,C,T,VEST4,0.967,0.97765
hg38,19,4028554,C,T,fathmm-XF,0.896624,0.8373
hg38,19,4028554,C,T,gMVP,0.9046805349980788,0.90381
hg38,19,12858407,G,A,AlphaMissense,0.1905;0.1648,0.40956
hg38,19,12858407,G,A,BayesDel_addAF,-0.390416,0.02535
hg38,19,12858407,G,A,BayesDel_noAF,-0.561913,0.15905
hg38,19,12858407,G,A,CADD,4.392829,0.67868
hg38,19,12858407,G,A,ClinPred,0.531432330608368,0.33475
hg38,19,12858407,G,A,DANN,0.9983261086763762,0.91377
hg38,19,12858407,G,A,DEOGEN2,0.052177;0.347649,0.71401
hg38,19,12858407,G,A,ESM1B,.;-7.431,0.57194
hg38,19,12858407,G,A,Eigen,-0.0331702116336724,0.4009
hg38,19,12858407,G,A,Eigen-PC,0.0902250165943533,0.43775
hg38,19,12858407,G,A,LIST-S2,0.975402;0.966703,0.91293
hg38,19,12858407,G,A,M-CAP,0.006307,0.1631
hg38,19,12858407,G,A,MVP,0.64886688665;0.64886688665,0.64321
hg38,19,12858407,G,A,MetaLR,0.0567,0.23702
hg38,19,12858407,G,A,MetaRNN,0.18808025;0.18808025,0.33973
hg38,19,12858407,G,A,MetaSVM,-1.0834,0.06716
hg38,19,12858407,G,A,MutAssessor,.;0.835,0.2093
hg38,19,12858407,G,A,MutFormer,0.01615644,0.46924
hg38,19,12858407,G,A,MutScore,0.13,0.34655
hg38,19,12858407,G,A,PHACTboost,.;0.0289409552081927,0.32518
hg38,19,12858407,G,A,PP2_HDIV,.;0.179,0.29013
hg38,19,12858407,G,A,PP2_HVAR,.;0.067,0.27544
hg38,19,12858407,G,A,PROVEAN,.;-2.18,0.49201
hg38,19,12858407,G,A,PrimateAI,0.494514554739,0.38013
hg38,19,12858407,G,A,REVEL,.;0.059,0.16832
hg38,19,12858407,G,A,SIFT,.;0.028,0.46288
hg38,19,12858407,G,A,SIFT4G,0.004;0.003,0.76775
hg38,19,12858407,G,A,VAR_ER,.;0.11589415,0.27913
hg38,19,12858407,G,A,VAR_ERL,.;0.11589415,0.27912
hg38,19,12858407,G,A,VAR_R,.;0.11677503,0.27294
hg38,19,12858407,G,A,VAR_RL,.;0.11677503,0.27294
hg38,19,12858407,G,A,VEST4,0.197;0.164,0.21566
hg38,19,12858407,G,A,fathmm-XF,0.712152,0.66415
hg38,19,12858407,G,A,gMVP,.;0.3646351654987774,0.36175
hg38,19,40580566,G,C,AlphaMissense,0.1095;0.0814;0.1238,0.26108
hg38,19,40580566,G,C,BayesDel_addAF,-0.0235998,0.48009
hg38,19,40580566,G,C,BayesDel_noAF,-0.271676,0.47316
hg38,19,40580566,G,C,CADD,5.424173,0.90747
hg38,19,40580566,G,C,ClinPred,0.758476674556732,0.43470
hg38,19,40580566,G,C,DANN,0.9960714593009886,0.74605
hg38,19,40580566,G,C,DEOGEN2,0.026585;0.110279;0.073682,0.42187
hg38,19,40580566,G,C,ESM1B,.;-3.823;.,0.21167
hg38,19,40580566,G,C,Eigen,0.48576923803326,0.6608
hg38,19,40580566,G,C,Eigen-PC,0.492928906941368,0.67341
hg38,19,40580566,G,C,LIST-S2,0.828317;0.827017;0.829317,0.49278
hg38,19,40580566,G,C,M-CAP,0.024261,0.47034
hg38,19,40580566,G,C,MPC,.;0.590322146644;.,0.54209
hg38,19,40580566,G,C,MVP,0.693011125852;0.693011125852;0.693011125852,0.68794
hg38,19,40580566,G,C,MetaLR,0.2308,0.59502
hg38,19,40580566,G,C,MetaRNN,0.28960097;0.28960097;0.28960097,0.46157
hg38,19,40580566,G,C,MetaSVM,-0.7654,0.56931
hg38,19,40580566,G,C,MutAssessor,.;2.045;.,0.55836
hg38,19,40580566,G,C,MutFormer,0.01075746,0.42180
hg38,19,40580566,G,C,MutPred,0.256;0.256;.,0.19587
hg38,19,40580566,G,C,MutScore,0.605,0.77908
hg38,19,40580566,G,C,PHACTboost,.;0.0911902653323756;.,0.42491
hg38,19,40580566,G,C,PP2_HDIV,.;0.999;.,0.77914
hg38,19,40580566,G,C,PP2_HVAR,.;0.992;.,0.80453
hg38,19,40580566,G,C,PROVEAN,.;-1.98;.,0.45778
hg38,19,40580566,G,C,PrimateAI,0.653426766396,0.60410
hg38,19,40580566,G,C,REVEL,.;0.139;.,0.37176
hg38,19,40580566,G,C,SIFT4G,0.089;0.107;0.105,0.40770
hg38,19,40580566,G,C,VAR_ER,.;0.49152043;.,0.70327
hg38,19,40580566,G,C,VAR_ERL,.;0.49152043;.,0.70327
hg38,19,40580566,G,C,VAR_R,.;0.44033235;.,0.63104
hg38,19,40580566,G,C,VAR_RL,.;0.44033235;.,0.63105
hg38,19,40580566,G,C,VEST4,0.248;0.203;.,0.27835
hg38,19,40580566,G,C,fathmm-XF,0.902943,0.85089
hg38,19,40580566,G,C,gMVP,.;0.38059812174657587;.,0.37771
hg38,2,218679688,A,G,AlphaMissense,0.0686;0.0665;0.0679,0.03034
hg38,2,218679688,A,G,BayesDel_addAF,-0.219645,0.17744
hg38,2,218679688,A,G,BayesDel_noAF,-0.553282,0.16714
hg38,2,218679688,A,G,CADD,1.719019,0.21925
hg38,2,218679688,A,G,ClinPred,0.0497644729912281,0.05405
hg38,2,218679688,A,G,DANN,0.898299728073947,0.19392
hg38,2,218679688,A,G,DEOGEN2,.;0.085412;0.085412,0.3722
hg38,2,218679688,A,G,ESM1B,-3.014;-3.003;-3.003,0.10343
hg38,2,218679688,A,G,Eigen,-0.576446459094795,0.19424
hg38,2,218679688,A,G,Eigen-PC,-0.395742110636152,0.24806
hg38,2,218679688,A,G,LIST-S2,0.629737;.;0.629737,0.24194
hg38,2,218679688,A,G,M-CAP,0.023754,0.46519
hg38,2,218679688,A,G,MPC,.;0.165460898947;.,0.18387
hg38,2,218679688,A,G,MVP,0.661913004606;0.661913004606;0.661913004606,0.65642
hg38,2,218679688,A,G,MetaLR,0.1716,0.51149
hg38,2,218679688,A,G,MetaRNN,0.070014596;0.070014596;0.070014596,0.10078
hg38,2,218679688,A,G,MetaSVM,-0.9092,0.46754
hg38,2,218679688,A,G,MutAssessor,0;0;0,0.06502
hg38,2,218679688,A,G,MutFormer,0.00045230,0.08342
hg38,2,218679688,A,G,MutPred,0.267;0.267;0.267,0.2131
hg38,2,218679688,A,G,MutScore,0.024,0.04173
hg38,2,218679688,A,G,PHACTboost,.;0.00223471700147018;0.00223471700147018,0.13691
hg38,2,218679688,A,G,PP2_HDIV,0.001;0.0;0.0,0.0748
hg38,2,218679688,A,G,PP2_HVAR,0.005;0.002;0.002,0.11213
hg38,2,218679688,A,G,PROVEAN,-0.38;-0.35;-0.35,0.13346
hg38,2,218679688,A,G,PrimateAI,0.217380955815,0.01167
hg38,2,218679688,A,G,REVEL,0.117;0.117;0.117,0.32487
hg38,2,218679688,A,G,SIFT,0.226;0.31;0.31,0.18662
hg38,2,218679688,A,G,SIFT4G,0.6;0.352;0.352,0.17608
hg38,2,218679688,A,G,VAR_ER,.;0.047700454;0.047700454,0.06942
hg38,2,218679688,A,G,VAR_ERL,.;0.047700454;0.047700454,0.06941
hg38,2,218679688,A,G,VAR_R,.;0.050503116;0.050503116,0.0905
hg38,2,218679688,A,G,VAR_RL,.;0.050503116;0.050503116,0.09049
hg38,2,218679688,A,G,VEST4,0.121;0.108;0.1,0.1115
hg38,2,218679688,A,G,fathmm-XF,0.109616,0.21556
hg38,2,218679688,A,G,gMVP,.;0.27180177157748275;.,0.26898
hg38,3,190322082,G,C,AlphaMissense,0.7809,0.76361
hg38,3,190322082,G,C,BayesDel_addAF,0.274311,0.80682
hg38,3,190322082,G,C,BayesDel_noAF,0.156253,0.80432
hg38,3,190322082,G,C,CADD,5.159983,0.86479
hg38,3,190322082,G,C,ClinPred,0.991891980171204,0.82119
hg38,3,190322082,G,C,DANN,0.9977901340482176,0.86617
hg38,3,190322082,G,C,DEOGEN2,0.663525,0.89829
hg38,3,190322082,G,C,ESM1B,-8.349,0.63499
hg38,3,190322082,G,C,Eigen,0.867125534898037,0.90007
hg38,3,190322082,G,C,Eigen-PC,0.836410045195761,0.92154
hg38,3,190322082,G,C,LIST-S2,0.89721,0.63951
hg38,3,190322082,G,C,M-CAP,0.130178,0.81176
hg38,3,190322082,G,C,MPC,0.896582568618,0.703
hg38,3,190322082,G,C,MVP,0.971214451579,0.97063
hg38,3,190322082,G,C,MetaLR,0.8683,0.95612
hg38,3,190322082,G,C,MetaRNN,0.8469348,0.8369
hg38,3,190322082,G,C,MetaSVM,0.9029,0.95701
hg38,3,190322082,G,C,MutAssessor,3.015,0.85979
hg38,3,190322082,G,C,MutFormer,0.24328266,0.74895
hg38,3,190322082,G,C,MutPred,0.776,0.90105
hg38,3,190322082,G,C,MutScore,0.643,0.80118
hg38,3,190322082,G,C,PHACTboost,0.987448802609001,0.87442
hg38,3,190322082,G,C,PP2_HDIV,1.0,0.9058
hg38,3,190322082,G,C,PP2_HVAR,0.996,0.84488
hg38,3,190322082,G,C,PROVEAN,-3.34,0.66354
hg38,3,190322082,G,C,PrimateAI,0.585772812366,0.50832
hg38,3,190322082,G,C,REVEL,0.693,0.88818
hg38,3,190322082,G,C,SIFT,0.002,0.72322
hg38,3,190322082,G,C,SIFT4G,0.004,0.74454
hg38,3,190322082,G,C,VAR_ER,0.8194963,0.89371
hg38,3,190322082,G,C,VAR_ERL,0.8194963,0.89371
hg38,3,190322082,G,C,VAR_R,0.6511331,0.75155
hg38,3,190322082,G,C,VAR_RL,0.6511331,0.75156
hg38,3,190322082,G,C,VEST4,0.573,0.59354
hg38,3,190322082,G,C,fathmm-XF,0.834969,0.75204
hg38,3,190322082,G,C,gMVP,0.5375521512517885,0.53489
hg38,4,40121769,A,G,AlphaMissense,0.0623,0.01348
hg38,4,40121769,A,G,BayesDel_addAF,-0.38564,0.02726
hg38,4,40121769,A,G,BayesDel_noAF,-0.791721,0.01979
hg38,4,40121769,A,G,CADD,-1.9547,0.00112
hg38,4,40121769,A,G,ClinPred,0.0840488150715828,0.10366
hg38,4,40121769,A,G,DANN,0.2506029286775622,0.01133
hg38,4,40121769,A,G,DEOGEN2,1.43E-4,0.0002
hg38,4,40121769,A,G,ESM1B,-2.976,0.09935
hg38,4,40121769,A,G,Eigen,-1.19022313122771,0.05088
hg38,4,40121769,A,G,Eigen-PC,-1.44178687521888,0.02806
hg38,4,40121769,A,G,LIST-S2,0.311769,0.05986
hg38,4,40121769,A,G,M-CAP,0.002061,0.03604
hg38,4,40121769,A,G,MPC,0.0652368688882,0.07122
hg38,4,40121769,A,G,MVP,0.178374595973,0.17073
hg38,4,40121769,A,G,MetaLR,0.0516,0.21765
hg38,4,40121769,A,G,MetaRNN,0.040990353,0.02718
hg38,4,40121769,A,G,MetaSVM,-1.0797,0.07421
hg38,4,40121769,A,G,MutAssessor,-0.09,0.04751
hg38,4,40121769,A,G,MutFormer,0.00153631,0.19941
hg38,4,40121769,A,G,MutPred,0.128,0.03309
hg38,4,40121769,A,G,MutScore,0.118,0.32131
hg38,4,40121769,A,G,MutTaster,0.02,0.08015
hg38,4,40121769,A,G,PHACTboost,3.71704205581022e-05,0.01625
hg38,4,40121769,A,G,PP2_HDIV,0.0,0.0295
hg38,4,40121769,A,G,PP2_HVAR,0.001,0.04348
hg38,4,40121769,A,G,PROVEAN,-0.16,0.09401
hg38,4,40121769,A,G,PrimateAI,0.254893153906,0.04303
hg38,4,40121769,A,G,REVEL,0.037,0.09373
hg38,4,40121769,A,G,SIFT,0.351,0.12337
hg38,4,40121769,A,G,SIFT4G,0.821,0.03879
hg38,4,40121769,A,G,VAR_ER,0.02036707,0.00134
hg38,4,40121769,A,G,VAR_ERL,0.02036707,0.00134
hg38,4,40121769,A,G,VAR_R,0.021765448,0.00794
hg38,4,40121769,A,G,VAR_RL,0.021765448,0.00794
hg38,4,40121769,A,G,VEST4,0.018,0.00244
hg38,4,40121769,A,G,fathmm-XF,0.046677,0.07649
hg38,4,40121769,A,G,gMVP,0.1878757306256762,0.18527
hg38,5,1432687,T,C,AlphaMissense,0.0897;.;.,0.12569
hg38,5,1432687,T,C,BayesDel_addAF,-0.138098,0.29837
hg38,5,1432687,T,C,BayesDel_noAF,-0.436145,0.28883
hg38,5,1432687,T,C,CADD,1.4686,0.18951
hg38,5,1432687,T,C,ClinPred,0.0567766151429164,0.0658
hg38,5,1432687,T,C,DANN,0.2232825144907154,0.00888
hg38,5,1432687,T,C,DEOGEN2,0.143004;.;.,0.47604
hg38,5,1432687,T,C,ESM1B,-5.358;.;.,0.40562
hg38,5,1432687,T,C,Eigen,-0.834281006746804,0.1229
hg38,5,1432687,T,C,Eigen-PC,-0.611497829974662,0.189
hg38,5,1432687,T,C,LIST-S2,0.737326;.;.,0.35151
hg38,5,1432687,T,C,M-CAP,0.014494,0.34385
hg38,5,1432687,T,C,MPC,0.584187970407;.;.,0.53818
hg38,5,1432687,T,C,MVP,0.293707238958;.;.,0.28564
hg38,5,1432687,T,C,MetaLR,0.0803,0.31604
hg38,5,1432687,T,C,MetaRNN,0.1015715;.;.,0.18368
hg38,5,1432687,T,C,MetaSVM,-0.9797,0.3494
hg38,5,1432687,T,C,MutAssessor,-0.985;.;.,0.01194
hg38,5,1432687,T,C,MutFormer,0.91829780,0.919
hg38,5,1432687,T,C,MutPred,0.595;0.595;0.595,0.72391
hg38,5,1432687,T,C,MutScore,0.018,0.02411
hg38,5,1432687,T,C,PHACTboost,0.131499758261902;.;.,0.45854
hg38,5,1432687,T,C,PP2_HDIV,0.003;.;.,0.11208
hg38,5,1432687,T,C,PP2_HVAR,0.009;.;.,0.14297
hg38,5,1432687,T,C,PROVEAN,0.71;.;.,0.02114
hg38,5,1432687,T,C,PrimateAI,0.471867829561,0.34892
hg38,5,1432687,T,C,REVEL,0.067;.;.,0.19353
hg38,5,1432687,T,C,SIFT,1.0;.;.,0.00968
hg38,5,1432687,T,C,SIFT4G,1.0;.;.,0.01173
hg38,5,1432687,T,C,VAR_ER,0.054588854;.;.,0.09431
hg38,5,1432687,T,C,VAR_ERL,0.054588854;.;.,0.0943
hg38,5,1432687,T,C,VAR_R,0.08348332;.;.,0.19105
hg38,5,1432687,T,C,VAR_RL,0.08348332;.;.,0.19105
hg38,5,1432687,T,C,VEST4,0.344;.;.,0.38296
hg38,5,1432687,T,C,fathmm-XF,0.096255,0.19228
hg38,5,1432687,T,C,gMVP,0.5290424093603594;.;.,0.52637
hg38,5,37815823,G,A,AlphaMissense,0.0559;.;0.0592;0.0584;0.0662;0.0575,0.02289
hg38,5,37815823,G,A,BayesDel_addAF,-0.282671,0.10155
hg38,5,37815823,G,A,BayesDel_noAF,-0.395505,0.33547
hg38,5,37815823,G,A,CADD,1.61379,0.2065
hg38,5,37815823,G,A,ClinPred,0.0293989971708223,0.01887
hg38,5,37815823,G,A,DANN,0.8913263521465788,0.1879
hg38,5,37815823,G,A,DEOGEN2,.;.;0.713209;.;.;.,0.91759
hg38,5,37815823,G,A,ESM1B,-7.26;-7.799;-7.155;-7.14;-7.624;-7.799,0.59765
hg38,5,37815823,G,A,Eigen,-0.72680111913478,0.15084
hg38,5,37815823,G,A,Eigen-PC,-0.648697927094839,0.17959
hg38,5,37815823,G,A,LIST-S2,0.878612;0.878612;0.865313;0.878612;0.865313;.,0.59295
hg38,5,37815823,G,A,M-CAP,0.01038,0.26579
hg38,5,37815823,G,A,MPC,.;.;.;.;0.521721221009;.,0.49641
hg38,5,37815823,G,A,MVP,0.449421072434;0.449421072434;0.449421072434;0.449421072434;0.449421072434;0.449421072434,0.44184
hg38,5,37815823,G,A,MetaLR,0.3576,0.71881
hg38,5,37815823,G,A,MetaRNN,0.09341943;0.09341943;0.09341943;0.09341943;0.09341943;0.09341943,0.16373
hg38,5,37815823,G,A,MetaSVM,-0.7435,0.58097
hg38,5,37815823,G,A,MutAssessor,.;.;1.39;.;.;.,0.34781
hg38,5,37815823,G,A,MutFormer,0.00377069,0.29961
hg38,5,37815823,G,A,MutScore,0.053,0.14148
hg38,5,37815823,G,A,MutTaster,.;0.12;0.12;0.16;0.14;0.12,0.38685
hg38,5,37815823,G,A,PHACTboost,.;.;0.0164494996374447;.;.;.,0.27856
hg38,5,37815823,G,A,PP2_HDIV,.;0.004;0.002;0.001;0.014;0.004,0.1688
hg38,5,37815823,G,A,PP2_HVAR,.;0.002;0.003;0.002;0.01;0.002,0.14938
hg38,5,37815823,G,A,PROVEAN,.;-1.16;-1.09;-1.09;-1.09;-1.16,0.2969
hg38,5,37815823,G,A,PrimateAI,0.286587864161,0.08424
hg38,5,37815823,G,A,REVEL,.;0.088;0.088;0.088;0.088;0.088,0.25383
hg38,5,37815823,G,A,SIFT,.;0.284;0.175;0.404;0.223;0.284,0.22514
hg38,5,37815823,G,A,SIFT4G,0.226;0.225;0.209;0.255;0.262;0.225,0.27098
hg38,5,37815823,G,A,VAR_ER,.;.;0.112321645;.;.;.,0.27039
hg38,5,37815823,G,A,VAR_ERL,.;.;0.112321645;.;.;.,0.27039
hg38,5,37815823,G,A,VAR_R,.;.;0.08362463;.;.;.,0.19143
hg38,5,37815823,G,A,VAR_RL,.;.;0.08362463;.;.;.,0.19143
hg38,5,37815823,G,A,VEST4,0.068;0.077;0.067;0.133;0.113;0.126,0.12851
hg38,5,37815823,G,A,fathmm-XF,0.09111,0.18253
hg38,5,37815823,G,A,gMVP,.;.;.;.;0.50305150975569;.,0.50032
hg38,6,489025,G,C,AlphaMissense,0.0715,0.04094
hg38,6,489025,G,C,BayesDel_addAF,-0.126621,0.31685
hg38,6,489025,G,C,BayesDel_noAF,-0.419659,0.30754
hg38,6,489025,G,C,CADD,3.400628,0.47209
hg38,6,489025,G,C,ClinPred,0.836795926094055,0.48793
hg38,6,489025,G,C,DANN,0.4037156469884911,0.02864
hg38,6,489025,G,C,DEOGEN2,0.056508,0.30064
hg38,6,489025,G,C,ESM1B,-4.853,0.35244
hg38,6,489025,G,C,Eigen,-0.124242872169914,0.36064
hg38,6,489025,G,C,Eigen-PC,0.115731215780469,0.45077
hg38,6,489025,G,C,LIST-S2,0.944706,0.78984
hg38,6,489025,G,C,M-CAP,0.00739,0.19330
hg38,6,489025,G,C,MPC,0.223424376142,0.24587
hg38,6,489025,G,C,MVP,0.450441870249,0.44285
hg38,6,489025,G,C,MetaLR,0.0308,0.13138
hg38,6,489025,G,C,MetaRNN,0.16436073,0.30395
hg38,6,489025,G,C,MetaSVM,-1.0548,0.13098
hg38,6,489025,G,C,MutAssessor,0.46,0.12865
hg38,6,489025,G,C,MutFormer,0.00765322,0.38191
hg38,6,489025,G,C,MutPred,0.354,0.35266
hg38,6,489025,G,C,MutScore,0.269,0.53957
hg38,6,489025,G,C,PHACTboost,0.0797038172280509,0.41278
hg38,6,489025,G,C,PP2_HDIV,0.003,0.11208
hg38,6,489025,G,C,PP2_HVAR,0.002,0.06938
hg38,6,489025,G,C,PROVEAN,1.21,0.01053
hg38,6,489025,G,C,PrimateAI,0.490589976311,0.37470
hg38,6,489025,G,C,REVEL,0.104,0.29456
hg38,6,489025,G,C,SIFT,1.0,0.00968
hg38,6,489025,G,C,SIFT4G,1.0,0.01173
hg38,6,489025,G,C,VAR_ER,0.1183543,0.28501
hg38,6,489025,G,C,VAR_ERL,0.1183543,0.28500
hg38,6,489025,G,C,VAR_R,0.1619585,0.35944
hg38,6,489025,G,C,VAR_RL,0.1619585,0.35943
hg38,6,489025,G,C,VEST4,0.34,0.37886
hg38,6,489025,G,C,fathmm-XF,0.869148,0.78879
hg38,6,489025,G,C,gMVP,0.2107698550843747,0.20807
hg38,6,10529778,G,A,BayesDel_addAF,0.607496,0.97838
hg38,6,10529778,G,A,BayesDel_noAF,0.634849,0.97805
hg38,6,10529778,G,A,CADD,9.728287,0.99258
hg38,6,10529778,G,A,DANN,0.996413319755214,0.76721
hg38,6,10529778,G,A,Eigen,1.05308173773086,0.97145
hg38,6,10529778,G,A,Eigen-PC,0.952138592664319,0.97453
hg38,6,10529778,G,A,VEST4,0.222;0.22,0.24713
hg38,6,26285460,C,G,BayesDel_addAF,0.191481,0.729
hg38,6,26285460,C,G,BayesDel_noAF,0.0372731,0.72547
hg38,6,26285460,C,G,CADD,3.893703,0.56749
hg38,6,26285460,C,G,ClinPred,0.963154971599579,0.66361
hg38,6,26285460,C,G,DANN,0.9161279388569084,0.21149
hg38,6,26285460,C,G,Eigen,0.0843068987776708,0.45475
hg38,6,26285460,C,G,Eigen-PC,0.0289276762097201,0.40776
hg38,6,26285460,C,G,M-CAP,0.021128,0.43624
hg38,6,26285460,C,G,MVP,0.117506650769,0.11101
hg38,6,26285460,C,G,MetaLR,0.2734,0.64365
hg38,6,26285460,C,G,MetaRNN,0.59689283,0.66404
hg38,6,26285460,C,G,MetaSVM,-0.5181,0.67843
hg38,6,26285460,C,G,MutFormer,0.11248957,0.67694
hg38,6,26285460,C,G,MutPred,0.219,0.14001
hg38,6,26285460,C,G,MutScore,0.539,0.73922
hg38,6,26285460,C,G,PROVEAN,-6.52,0.91716
hg38,6,26285460,C,G,PrimateAI,0.911917328835,0.97647
hg38,6,26285460,C,G,REVEL,0.355,0.67429
hg38,6,26285460,C,G,SIFT,0.101,0.30511
hg38,6,26285460,C,G,SIFT4G,0.13,0.35048
hg38,6,26285460,C,G,VEST4,0.728,0.72801
hg38,6,26285460,C,G,fathmm-XF,0.944663,0.95184
hg38,6,32084548,G,A,BayesDel_addAF,0.349873,0.86399
hg38,6,32084548,G,A,BayesDel_noAF,0.264792,0.86221
hg38,6,32084548,G,A,CADD,6.921589,0.95922
hg38,6,32084548,G,A,DANN,0.9961545310550372,0.75081
hg38,6,32084548,G,A,Eigen,0.250671972841961,0.53439
hg38,6,32084548,G,A,Eigen-PC,-0.0311871839091623,0.38017
hg38,6,32084548,G,A,VEST4,.;.;0.742,0.74074
hg38,6,32084548,G,A,fathmm-XF,0.163521,0.28767
hg38,6,32155879,T,A,AlphaMissense,0.9357;0.8299;.;.;0.8876;0.855;0.8957,0.85478
hg38,6,32155879,T,A,BayesDel_addAF,0.503899,0.94344
hg38,6,32155879,T,A,BayesDel_noAF,0.486039,0.94264
hg38,6,32155879,T,A,CADD,4.863248,0.79637
hg38,6,32155879,T,A,ClinPred,0.994044244289398,0.84996
hg38,6,32155879,T,A,DANN,0.9907349158866628,0.51869
hg38,6,32155879,T,A,DEOGEN2,0.294148;.;0.842339;0.842339;0.842339;0.842339;.,0.96306
hg38,6,32155879,T,A,ESM1B,.;-15.243;-15.63;-15.63;-15.63;-15.63;.,0.97159
hg38,6,32155879,T,A,Eigen,0.660682274971632,0.76937
hg38,6,32155879,T,A,Eigen-PC,0.651581384554028,0.78612
hg38,6,32155879,T,A,LIST-S2,0.973703;0.974203;.;.;.;0.974203;0.969003,0.90786
hg38,6,32155879,T,A,M-CAP,0.373712,0.92793
hg38,6,32155879,T,A,MPC,.;2.25126918613;.;.;.;.;.,0.96094
hg38,6,32155879,T,A,MVP,0.941799266106;0.941799266106;0.941799266106;0.941799266106;0.941799266106;0.941799266106;0.941799266106,0.94072
hg38,6,32155879,T,A,MetaLR,0.8693,0.95645
hg38,6,32155879,T,A,MetaRNN,0.8495003;0.8495003;0.8495003;0.8495003;0.8495003;0.8495003;0.8495004,0.83955
hg38,6,32155879,T,A,MetaSVM,0.8238,0.94687
hg38,6,32155879,T,A,MutAssessor,.;.;2.44;2.44;2.44;2.44;.,0.70564
hg38,6,32155879,T,A,MutFormer,0.50453000,0.81988
hg38,6,32155879,T,A,MutPred,0.54;.;0.54;0.54;0.54;0.54;.,0.65041
hg38,6,32155879,T,A,MutScore,0.815,0.89781
hg38,6,32155879,T,A,PHACTboost,.;.;0.978224439748676;0.978224439748676;0.978224439748676;0.978224439748676;.,0.84901
hg38,6,32155879,T,A,PP2_HDIV,.;.;0.999;0.999;0.999;0.999;.,0.77914
hg38,6,32155879,T,A,PP2_HVAR,.;.;0.943;0.943;0.943;0.943;.,0.67917
hg38,6,32155879,T,A,PROVEAN,-6.36;-6.81;-6.81;-6.81;-6.81;-6.81;-6.75,0.92962
hg38,6,32155879,T,A,PrimateAI,0.806728601456,0.82961
hg38,6,32155879,T,A,REVEL,0.877;0.877;0.877;0.877;0.877;0.877;0.877,0.96345
hg38,6,32155879,T,A,SIFT,0.0;0.0;0.0;0.0;0.0;0.0;0.006,0.91343
hg38,6,32155879,T,A,SIFT4G,0.0;0.0;0.0;0.0;0.0;0.0;0.0,0.92967
hg38,6,32155879,T,A,VAR_ER,.;.;0.8346083;0.8346083;0.8346083;0.8346083;.,0.90361
hg38,6,32155879,T,A,VAR_ERL,.;.;0.8346083;0.8346083;0.8346083;0.8346083;.,0.90361
hg38,6,32155879,T,A,VAR_R,.;.;0.92809016;0.92809016;0.92809016;0.92809016;.,0.93955
hg38,6,32155879,T,A,VAR_RL,.;.;0.92809016;0.92809016;0.92809016;0.92809016;.,0.93956
hg38,6,32155879,T,A,VEST4,.;0.942;0.943;0.943;0.943;0.943;.,0.95034
hg38,6,32155879,T,A,fathmm-XF,0.901881,0.84856
hg38,6,32155879,T,A,gMVP,.;0.9138857416719738;.;.;.;.;.,0.91308
hg38,7,151082209,C,T,AlphaMissense,.;.;.;0.5671;0.251;0.2515;0.2626;0.3273,0.67458
hg38,7,151082209,C,T,BayesDel_addAF,-0.114565,0.33658
hg38,7,151082209,C,T,BayesDel_noAF,-0.402341,0.32752
hg38,7,151082209,C,T,CADD,4.208457,0.63629
hg38,7,151082209,C,T,ClinPred,0.658551184218007,0.38525
hg38,7,151082209,C,T,DANN,0.9977361883506144,0.861
hg38,7,151082209,C,T,DEOGEN2,0.035424;0.035424;0.035424;.;0.035424;0.035424;0.025736;.,0.23454
hg38,7,151082209,C,T,ESM1B,-5.18;-5.18;-5.18;.;-5.18;-5.18;.;.,0.38784
hg38,7,151082209,C,T,Eigen,-0.0201111998820213,0.40681
hg38,7,151082209,C,T,Eigen-PC,0.134135416648144,0.46033
hg38,7,151082209,C,T,LIST-S2,.;.;.;0.777722;.;0.771423;0.889211;0.886911,0.62021
hg38,7,151082209,C,T,M-CAP,0.021194,0.43705
hg38,7,151082209,C,T,MPC,0.301533015245;.;.;.;.;.;.;.,0.3219
hg38,7,151082209,C,T,MVP,0.398133443147;0.398133443147;0.398133443147;.;0.398133443147;0.398133443147;0.398133443147;0.398133443147,0.39032
hg38,7,151082209,C,T,MetaLR,0.1133,0.40208
hg38,7,151082209,C,T,MetaRNN,0.20227605;0.20227605;0.20227605;.;0.20227605;0.20227605;0.20227605;0.20227614,0.35959
hg38,7,151082209,C,T,MetaSVM,-0.9805,0.34756
hg38,7,151082209,C,T,MutAssessor,1.085;1.085;1.085;.;1.085;1.085;.;.,0.2712
hg38,7,151082209,C,T,MutFormer,0.01284966,0.4426
hg38,7,151082209,C,T,MutPred,0.379;0.379;0.379;0.379;0.379;0.379;0.379;0.379,0.39338
hg38,7,151082209,C,T,MutScore,0.203,0.46526
hg38,7,151082209,C,T,PHACTboost,0.0791189908162079;0.0791189908162079;0.0791189908162079;.;0.0791189908162079;0.0791189908162079;.;.,0.41212
hg38,7,151082209,C,T,PP2_HDIV,0.1;0.1;0.1;.;0.1;0.1;.;.,0.2573
hg38,7,151082209,C,T,PP2_HVAR,0.022;0.022;0.022;.;0.022;0.022;.;.,0.19653
hg38,7,151082209,C,T,PROVEAN,-1.46;-1.46;-1.46;.;-1.46;-1.46;-1.36;-1.86,0.43529
hg38,7,151082209,C,T,PrimateAI,0.719308912754,0.69894
hg38,7,151082209,C,T,REVEL,0.077;0.077;0.077;.;0.077;0.077;0.077;0.077,0.22328
hg38,7,151082209,C,T,SIFT,0.036;0.036;0.036;.;0.036;0.036;0.042;0.016,0.52012
hg38,7,151082209,C,T,SIFT4G,0.121;0.121;0.121;.;0.121;0.121;.;0.112,0.37375
hg38,7,151082209,C,T,VAR_ER,0.12882774;0.12882774;0.12882774;.;0.12882774;0.12882774;.;.,0.30906
hg38,7,151082209,C,T,VAR_ERL,0.12882774;0.12882774;0.12882774;.;0.12882774;0.12882774;.;.,0.30905
hg38,7,151082209,C,T,VAR_R,0.20793217;0.20793217;0.20793217;.;0.20793217;0.20793217;.;.,0.42694
hg38,7,151082209,C,T,VAR_RL,0.20793217;0.20793217;0.20793217;.;0.20793217;0.20793217;.;.,0.42694
hg38,7,151082209,C,T,VEST4,0.388;0.388;0.316;.;0.388;0.388;.;.,0.42682
hg38,7,151082209,C,T,fathmm-XF,0.746109,0.68744
hg38,7,151082209,C,T,gMVP,0.3906493932358276;.;.;.;.;.;.;.,0.38776
hg38,9,712165,G,T,BayesDel_addAF,0.567668,0.96442
hg38,9,712165,G,T,BayesDel_noAF,0.577639,0.96382
hg38,9,712165,G,T,CADD,9.936592,0.99449
hg38,9,712165,G,T,DANN,0.997710028741994,0.8593
hg38,9,712165,G,T,Eigen,1.17902509485102,0.99331
hg38,9,712165,G,T,Eigen-PC,1.04875096264564,0.99364
hg38,9,712165,G,T,VEST4,0.825;.;.;0.801;.;.;0.816;.;.;.;.;.;.;.;.;.;.;.;.;0.845,0.84047
hg38,9,712165,G,T,fathmm-XF,0.356542,0.44602
hg38,9,712804,G,A,AlphaMissense,.;.;.;0.0894;.;.;0.0874;.;.;.;.;.;.;.;.;.;.;.;.;0.0974,0.1612
hg38,9,712804,G,A,BayesDel_addAF,-0.227484,0.16693
hg38,9,712804,G,A,BayesDel_noAF,-0.564542,0.15662
hg38,9,712804,G,A,CADD,2.478514,0.32017
hg38,9,712804,G,A,ClinPred,0.315925478356485,0.25365
hg38,9,712804,G,A,DANN,0.994621720167832,0.65885
hg38,9,712804,G,A,DEOGEN2,0.031049;.;.;0.031049;0.031049;0.031049;.;0.031049;.;.;.;.;.;.;.;.;.;.;.;.,0.21634
hg38,9,712804,G,A,ESM1B,-5.019;.;.;-5.019;-5.019;-5.019;.;-5.019;-5.06;-5.06;.;.;.;.;.;.;.;.;.;-5.06,0.37529
hg38,9,712804,G,A,Eigen,-0.35648171945703,0.26757
hg38,9,712804,G,A,Eigen-PC,-0.34283705181796,0.26412
hg38,9,712804,G,A,LIST-S2,.;.;.;.;.;.;.;0.80002;.;.;.;.;.;.;.;.;.;.;.;0.80002,0.44377
hg38,9,712804,G,A,M-CAP,0.00662,0.17201
hg38,9,712804,G,A,MVP,0.0551355673512;.;.;0.0551355673512;.;.;0.0551355673512;.;.;.;.;.;.;.;.;.;.;.;.;0.0551355673512,0.04533
hg38,9,712804,G,A,MetaLR,0.0670,0.27391
hg38,9,712804,G,A,MetaRNN,0.052302122;.;.;0.052302122;.;.;0.052302122;.;.;.;.;.;.;.;.;.;.;.;.;0.052302122,0.0524
hg38,9,712804,G,A,MetaSVM,-1.0243,0.22266
hg38,9,712804,G,A,MutAssessor,1.93;.;.;1.93;1.93;1.93;.;1.93;.;.;.;.;.;.;.;.;.;.;.;.,0.51259
hg38,9,712804,G,A,MutFormer,0.00528377,0.33858
hg38,9,712804,G,A,MutPred,0.085;0.085;0.085;0.085;0.085;0.085;0.085;0.085;.;.;.;.;.;.;.;.;.;.;.;.,0.00824
hg38,9,712804,G,A,MutScore,0.033,0.07179
hg38,9,712804,G,A,PHACTboost,0.0133505721090553;.;.;0.0133505721090553;0.0133505721090553;0.0133505721090553;.;0.0133505721090553;.;.;.;.;.;.;.;.;.;.;.;.,0.2619
hg38,9,712804,G,A,PP2_HDIV,0.059;.;.;0.059;0.059;0.059;.;0.059;.;.;.;.;.;.;.;.;.;.;.;.,0.23066
hg38,9,712804,G,A,PP2_HVAR,0.046;.;.;0.046;0.046;0.046;.;0.046;.;.;.;.;.;.;.;.;.;.;.;.,0.24678
hg38,9,712804,G,A,PROVEAN,-1.0;.;.;-1.0;.;.;.;.;.;.;.;.;.;.;.;.;.;.;.;-0.96,0.26376
hg38,9,712804,G,A,PrimateAI,0.348252117634,0.17646
hg38,9,712804,G,A,REVEL,0.086;.;.;0.086;.;.;.;.;.;.;.;.;.;.;.;.;.;.;.;0.086,0.24843
hg38,9,712804,G,A,SIFT,0.036;.;.;0.036;.;.;.;.;.;.;.;.;.;.;.;.;.;.;.;0.037,0.43552
hg38,9,712804,G,A,SIFT4G,0.053;.;.;0.053;.;.;0.053;.;.;.;.;.;.;.;.;.;.;.;.;0.045,0.49742
hg38,9,712804,G,A,VAR_ER,0.07508641;.;.;0.07508641;0.07508641;0.07508641;.;0.07508641;.;.;.;.;.;.;.;.;.;.;.;.,0.1648
hg38,9,712804,G,A,VAR_ERL,0.07508641;.;.;0.07508641;0.07508641;0.07508641;.;0.07508641;.;.;.;.;.;.;.;.;.;.;.;.,0.1648
hg38,9,712804,G,A,VAR_R,0.050363712;.;.;0.050363712;0.050363712;0.050363712;.;0.050363712;.;.;.;.;.;.;.;.;.;.;.;.,0.09004
hg38,9,712804,G,A,VAR_RL,0.050363712;.;.;0.050363712;0.050363712;0.050363712;.;0.050363712;.;.;.;.;.;.;.;.;.;.;.;.,0.09003
hg38,9,712804,G,A,VEST4,0.139;.;.;0.126;.;.;0.124;.;.;.;.;.;.;.;.;.;.;.;.;0.102,0.137
hg38,9,712804,G,A,fathmm-XF,0.173449,0.29839
hg38,9,712804,G,A,gMVP,.;.;.;.;.;.;0.45630194623551285;.;.;.;.;.;.;.;.;.;.;.;.;.,0.45349
hg38,9,2161740,C,T,BayesDel_addAF,0.595077,0.97484
hg38,9,2161740,C,T,BayesDel_noAF,0.61701,0.97444
hg38,9,2161740,C,T,CADD,8.045331,0.97126
hg38,9,2161740,C,T,DANN,0.9981085821455036,0.8945
hg38,9,2161740,C,T,Eigen,0.514060557150747,0.67751
hg38,9,2161740,C,T,Eigen-PC,0.331204536202453,0.57156
hg38,9,2161740,C,T,MutTaster,0.995;.;.;0.98;.;.;0.995;0.98;.;0.97;.;.;.;0.97;0.97;0.97;.;0.945;.;.;.;.;.;.;.;.;.;.,0.98441
hg38,9,2161740,C,T,VEST4,0.915;0.92;.;0.907;.;.;0.966;0.965;.;0.87;.;0.762;.;0.851;0.887;0.863;0.866;0.792;.;.;.;.;.;.;.;.;0.883;.,0.97658
hg38,9,2161740,C,T,fathmm-XF,0.268632,0.38307
hg38,9,3271045,G,C,AlphaMissense,0.0864;0.0867;0.0812;0.093,0.14122
hg38,9,3271045,G,C,BayesDel_addAF,0.0825884,0.62075
hg38,9,3271045,G,C,BayesDel_noAF,-0.119144,0.61603
hg38,9,3271045,G,C,CADD,4.444758,0.69106
hg38,9,3271045,G,C,ClinPred,0.948547184467316,0.62691
hg38,9,3271045,G,C,DANN,0.9921826487807212,0.55879
hg38,9,3271045,G,C,DEOGEN2,0.554722;0.554722;.;.,0.84850
hg38,9,3271045,G,C,ESM1B,-7.765;-7.765;-7.805;-7.984,0.61035
hg38,9,3271045,G,C,Eigen,0.751222663332522,0.82889
hg38,9,3271045,G,C,Eigen-PC,0.796550376636864,0.89493
hg38,9,3271045,G,C,LIST-S2,.;0.823718;0.823718;0.850515,0.53260
hg38,9,3271045,G,C,M-CAP,0.009131,0.23738
hg38,9,3271045,G,C,MPC,1.68395184386;.;.;.,0.89992
hg38,9,3271045,G,C,MVP,0.266724437049;0.266724437049;0.266724437049;0.266724437049,0.25863
hg38,9,3271045,G,C,MetaLR,0.0669,0.27357
hg38,9,3271045,G,C,MetaRNN,0.6452932;0.6452932;0.6452932;0.6452932,0.69018
hg38,9,3271045,G,C,MetaSVM,-1.2107,0.00087
hg38,9,3271045,G,C,MutAssessor,2.085;2.085;2.085;2.085,0.57546
hg38,9,3271045,G,C,MutFormer,0.05772284,0.60999
hg38,9,3271045,G,C,MutPred,0.439;0.439;0.439;0.439,0.49179
hg38,9,3271045,G,C,MutScore,0.633,0.79540
hg38,9,3271045,G,C,MutTaster,0.68;.;0.71;0.71,0.82936
hg38,9,3271045,G,C,PHACTboost,0.868067346349012;0.868067346349012;.;.,0.74079
hg38,9,3271045,G,C,PP2_HDIV,0.836;0.836;0.98;0.999,0.77914
hg38,9,3271045,G,C,PP2_HVAR,0.375;0.375;0.753;0.983,0.75798
hg38,9,3271045,G,C,PROVEAN,-2.62;.;-2.47;-2.47,0.56328
hg38,9,3271045,G,C,PrimateAI,0.65622985363,0.60808
hg38,9,3271045,G,C,REVEL,0.302;.;0.302;0.302,0.62096
hg38,9,3271045,G,C,SIFT,0.002;.;0.003;0.003,0.72322
hg38,9,3271045,G,C,SIFT4G,0.022;0.022;0.05;0.003,0.76775
hg38,9,3271045,G,C,VAR_ER,0.35314626;0.35314626;.;.,0.60643
hg38,9,3271045,G,C,VAR_ERL,0.35314626;0.35314626;.;.,0.60643
hg38,9,3271045,G,C,VAR_R,0.43517116;0.43517116;.;.,0.62770
hg38,9,3271045,G,C,VAR_RL,0.43517116;0.43517116;.;.,0.62770
hg38,9,3271045,G,C,VEST4,0.713;0.798;0.777;0.801,0.79621
hg38,9,3271045,G,C,fathmm-XF,0.890377,0.82470
hg38,9,3271045,G,C,gMVP,0.8307422259825102;.;.;.,0.82931
hg38,9,3330330,A,C,AlphaMissense,0.9792;0.9793;0.951;0.9649;0.9881;0.9803;0.9726;0.9815;0.9626,0.93018
hg38,9,3330330,A,C,BayesDel_addAF,0.210076,0.74649
hg38,9,3330330,A,C,BayesDel_noAF,0.0639838,0.74318
hg38,9,3330330,A,C,CADD,5.449267,0.91045
hg38,9,3330330,A,C,ClinPred,0.9984130859375,0.94034
hg38,9,3330330,A,C,DANN,0.9928778356153082,0.58212
hg38,9,3330330,A,C,DEOGEN2,0.472047;0.472047;.;.;0.052372;.;.;.;.,0.80301
hg38,9,3330330,A,C,ESM1B,-17.788;-17.788;-17.821;-18.0;.;.;.;.;.,0.99525
hg38,9,3330330,A,C,Eigen,0.707654332942838,0.80027
hg38,9,3330330,A,C,Eigen-PC,0.708213352621165,0.8291
hg38,9,3330330,A,C,LIST-S2,.;0.955504;0.955504;0.947905;0.739826;0.964504;0.959404;0.961204;0.913009,0.86835
hg38,9,3330330,A,C,M-CAP,0.031879,0.53667
hg38,9,3330330,A,C,MPC,1.67123987834;.;.;.;.;.;.;.;.,0.89804
hg38,9,3330330,A,C,MVP,0.390913227754;0.390913227754;0.390913227754;0.390913227754;0.390913227754;0.390913227754;0.390913227754;0.390913227754;0.390913227754,0.38305
hg38,9,3330330,A,C,MetaLR,0.1775,0.52082
hg38,9,3330330,A,C,MetaRNN,0.77807325;0.77807325;0.77807325;0.77807325;0.77807325;0.77807325;0.77807313;0.77807313;0.77807313,0.77403
hg38,9,3330330,A,C,MetaSVM,-0.8423,0.52303
hg38,9,3330330,A,C,MutAssessor,2.285;2.285;2.285;2.285;.;.;.;.;.,0.64989
hg38,9,3330330,A,C,MutFormer,0.00949144,0.40719
hg38,9,3330330,A,C,MutPred,0.606;0.606;0.606;0.606;0.606;0.606;.;.;0.606,0.73725
hg38,9,3330330,A,C,MutScore,0.888,0.94006
hg38,9,3330330,A,C,PHACTboost,0.999989072469646;0.999989072469646;.;.;.;.;.;.;.,0.99579
hg38,9,3330330,A,C,PP2_HDIV,0.744;0.744;1.0;0.998;.;.;.;.;.,0.90580
hg38,9,3330330,A,C,PP2_HVAR,0.739;0.739;0.995;0.973;.;.;.;.;.,0.83178
hg38,9,3330330,A,C,PROVEAN,-7.62;.;-7.52;-7.52;-7.67;-7.75;-7.26;-7.54;-4.15,0.95806
hg38,9,3330330,A,C,PrimateAI,0.900780200958,0.96523
hg38,9,3330330,A,C,REVEL,0.483;.;0.483;0.483;0.483;0.483;0.483;0.483;0.483,0.77150
hg38,9,3330330,A,C,SIFT,0.0;.;0.0;0.0;0.0;0.0;0.0;0.0;0.0,0.91343
hg38,9,3330330,A,C,SIFT4G,0.006;0.006;0.007;0.006;.;0.004;0.007;0.007;.,0.74454
hg38,9,3330330,A,C,VAR_ER,0.918645;0.918645;.;.;.;.;.;.;.,0.96250
hg38,9,3330330,A,C,VAR_ERL,0.918645;0.918645;.;.;.;.;.;.;.,0.96251
hg38,9,3330330,A,C,VAR_R,0.9295413;0.9295413;.;.;.;.;.;.;.,0.94104
hg38,9,3330330,A,C,VAR_RL,0.9295413;0.9295413;.;.;.;.;.;.;.,0.94105
hg38,9,3330330,A,C,VEST4,0.783;0.813;0.794;0.872;.;.;.;.;.,0.86916
hg38,9,3330330,A,C,fathmm-XF,0.899771,0.84396
hg38,9,3330330,A,C,gMVP,0.9330148239953004;.;.;.;.;.;.;.;.,0.93238
hg38,9,3937120,C,T,AlphaMissense,0.963;0.9597;.,0.88412
hg38,9,3937120,C,T,BayesDel_addAF,0.192803,0.73022
hg38,9,3937120,C,T,BayesDel_noAF,0.0391721,0.72672
hg38,9,3937120,C,T,CADD,5.261504,0.8836
hg38,9,3937120,C,T,ClinPred,0.993448317050934,0.84119
hg38,9,3937120,C,T,DANN,0.999296284279277,0.99279
hg38,9,3937120,C,T,DEOGEN2,0.507015;.;0.507015,0.82344
hg38,9,3937120,C,T,ESM1B,-14.25;-14.394;-14.25,0.94278
hg38,9,3937120,C,T,Eigen,0.845856030058735,0.88809
hg38,9,3937120,C,T,Eigen-PC,0.855873111133503,0.93318
hg38,9,3937120,C,T,LIST-S2,.;0.874113;0.875412,0.58566
hg38,9,3937120,C,T,M-CAP,0.065799,0.69579
hg38,9,3937120,C,T,MPC,.;0.215912621999;.,0.23836
hg38,9,3937120,C,T,MVP,0.850036502635;0.850036502635;.,0.84741
hg38,9,3937120,C,T,MetaLR,0.1657,0.50194
hg38,9,3937120,C,T,MetaRNN,0.8403294;0.8403294;.,0.83012
hg38,9,3937120,C,T,MetaSVM,-0.9257,0.44567
hg38,9,3937120,C,T,MutAssessor,2.065;.;2.065,0.56564
hg38,9,3937120,C,T,MutFormer,0.16820337,0.71484
hg38,9,3937120,C,T,MutPred,0.376;.;0.376,0.38849
hg38,9,3937120,C,T,MutScore,0.787,0.88213
hg38,9,3937120,C,T,MutTaster,0.6;0.59;.,0.76851
hg38,9,3937120,C,T,PHACTboost,0.996673395314536;.;0.996673395314536,0.92358
hg38,9,3937120,C,T,PP2_HDIV,1.0;1.0;1.0,0.9058
hg38,9,3937120,C,T,PP2_HVAR,0.996;0.988;0.996,0.84488
hg38,9,3937120,C,T,PROVEAN,-3.81;-3.88;.,0.72746
hg38,9,3937120,C,T,PrimateAI,0.913931071758,0.97826
hg38,9,3937120,C,T,REVEL,0.476;0.476;.,0.76693
hg38,9,3937120,C,T,SIFT,0.0;0.0;.,0.91343
hg38,9,3937120,C,T,SIFT4G,0.0;0.0;.,0.92967
hg38,9,3937120,C,T,VAR_ER,0.8036978;.;0.8036978,0.88355
hg38,9,3937120,C,T,VAR_ERL,0.8036978;.;0.8036978,0.88356
hg38,9,3937120,C,T,VAR_R,0.79968137;.;0.79968137,0.8368
hg38,9,3937120,C,T,VAR_RL,0.79968137;.;0.79968137,0.83682
hg38,9,3937120,C,T,VEST4,0.849;0.898;.,0.89792
hg38,9,3937120,C,T,fathmm-XF,0.902713,0.85037
hg38,9,3937120,C,T,gMVP,.;0.6054027954594035;.,0.60293
hg38,9,4118820,C,T,AlphaMissense,0.069;0.067;.;.;.;0.0649;.;0.071,0.039
hg38,9,4118820,C,T,BayesDel_addAF,-0.295236,0.08897
hg38,9,4118820,C,T,BayesDel_noAF,-0.661862,0.07924
hg38,9,4118820,C,T,CADD,0.57707,0.09479
hg38,9,4118820,C,T,ClinPred,0.0843384841324298,0.10401
hg38,9,4118820,C,T,DANN,0.9639178397267216,0.29859
hg38,9,4118820,C,T,DEOGEN2,0.043408;.;0.043408;0.024082;0.024082;0.024082;0.019841;0.019841,0.26232
hg38,9,4118820,C,T,ESM1B,-3.578;-3.802;-3.578;.;.;.;.;.,0.20852
hg38,9,4118820,C,T,Eigen,-0.747251330038757,0.1453
hg38,9,4118820,C,T,Eigen-PC,-0.596042527505096,0.19295
hg38,9,4118820,C,T,LIST-S2,.;0.784922;0.774123;.;.;0.79742;.;0.787421,0.43954
hg38,9,4118820,C,T,M-CAP,0.002041,0.03552
hg38,9,4118820,C,T,MPC,.;0.025904314707;.;.;.;.;.;.,0.02563
hg38,9,4118820,C,T,MVP,0.407767136052;0.407767136052;.;0.407767136052;0.407767136052;0.407767136052;0.407767136052;0.407767136052,0.40001
hg38,9,4118820,C,T,MetaLR,0.0138,0.05415
hg38,9,4118820,C,T,MetaRNN,0.05213201;0.05213201;.;0.05213201;0.05213201;0.05213201;0.05213201;0.05213198,0.05197
hg38,9,4118820,C,T,MetaSVM,-0.9322,0.43626
hg38,9,4118820,C,T,MutAssessor,0.49;.;0.49;.;.;.;.;.,0.13211
hg38,9,4118820,C,T,MutFormer,0.00070500,0.12117
hg38,9,4118820,C,T,MutPred,0.11;.;0.11;0.11;0.11;0.11;.;.,0.02035
hg38,9,4118820,C,T,MutScore,0.006,0.00194
hg38,9,4118820,C,T,MutTaster,0.0;0.01;.;.;.;.;.;.,0.05039
hg38,9,4118820,C,T,PHACTboost,0.00686587980982572;.;0.00686587980982572;.;.;.;.;.,0.21106
hg38,9,4118820,C,T,PP2_HDIV,0.0;0.001;0.0;.;.;.;.;.,0.0748
hg38,9,4118820,C,T,PP2_HVAR,0.001;0.003;0.001;.;.;.;.;.,0.08696
hg38,9,4118820,C,T,PROVEAN,-0.38;-0.03;.;-0.95;-0.95;-0.95;-0.81;-0.81,0.25284
hg38,9,4118820,C,T,PrimateAI,0.285801738501,0.08311
hg38,9,4118820,C,T,REVEL,0.046;0.046;.;0.046;0.046;0.046;0.046;0.046,0.12499
hg38,9,4118820,C,T,SIFT,0.548;0.539;.;0.516;0.516;0.516;0.563;0.563,0.07399
hg38,9,4118820,C,T,SIFT4G,0.66;0.547;.;.;.;.;.;.,0.09674
hg38,9,4118820,C,T,VAR_ER,0.056509126;.;0.056509126;.;.;.;.;.,0.1012
hg38,9,4118820,C,T,VAR_ERL,0.056509126;.;0.056509126;.;.;.;.;.,0.10119
hg38,9,4118820,C,T,VAR_R,0.034214612;.;0.034214612;.;.;.;.;.,0.03763
hg38,9,4118820,C,T,VAR_RL,0.034214612;.;0.034214612;.;.;.;.;.,0.03763
hg38,9,4118820,C,T,VEST4,0.045;0.061;.;.;.;.;.;.,0.03277
hg38,9,4118820,C,T,fathmm-XF,0.09584,0.1915
hg38,9,4118820,C,T,gMVP,.;0.295742921557461;.;.;.;.;.;.,0.29288
hg38,9,5534796,G,A,AlphaMissense,0.1265,0.26951
hg38,9,5534796,G,A,BayesDel_addAF,-0.255369,0.13185
hg38,9,5534796,G,A,BayesDel_noAF,-0.604596,0.12166
hg38,9,5534796,G,A,CADD,3.810933,0.55043
hg38,9,5534796,G,A,ClinPred,0.940781474113464,0.61111
hg38,9,5534796,G,A,DANN,0.99411581386245,0.63361
hg38,9,5534796,G,A,DEOGEN2,0.169109,0.51391
hg38,9,5534796,G,A,ESM1B,-9.577,0.71417
hg38,9,5534796,G,A,Eigen,0.559071932515959,0.7048
hg38,9,5534796,G,A,Eigen-PC,0.518866839888263,0.69092
hg38,9,5534796,G,A,LIST-S2,0.683132,0.28891
hg38,9,5534796,G,A,M-CAP,0.007604,0.19892
hg38,9,5534796,G,A,MPC,0.149573838096,0.16598
hg38,9,5534796,G,A,MVP,0.70808447705,0.70322
hg38,9,5534796,G,A,MetaLR,0.0377,0.16122
hg38,9,5534796,G,A,MetaRNN,0.4482507,0.58198
hg38,9,5534796,G,A,MetaSVM,-1.0662,0.10282
hg38,9,5534796,G,A,MutAssessor,2.555,0.74371
hg38,9,5534796,G,A,MutFormer,0.00808576,0.38832
hg38,9,5534796,G,A,MutPred,0.529,0.63437
hg38,9,5534796,G,A,MutScore,0.243,0.51282
hg38,9,5534796,G,A,MutTaster,0.23,0.47954
hg38,9,5534796,G,A,PHACTboost,0.025551342732206,0.31474
hg38,9,5534796,G,A,PP2_HDIV,0.998,0.73231
hg38,9,5534796,G,A,PP2_HVAR,0.991,0.7968
hg38,9,5534796,G,A,PROVEAN,-2.49,0.5424
hg38,9,5534796,G,A,PrimateAI,0.40819054842,0.26176
hg38,9,5534796,G,A,REVEL,0.167,0.4254
hg38,9,5534796,G,A,SIFT,0.058,0.37901
hg38,9,5534796,G,A,SIFT4G,0.0,0.92967
hg38,9,5534796,G,A,VAR_ER,0.36471605,0.61593
hg38,9,5534796,G,A,VAR_ERL,0.36471605,0.61593
hg38,9,5534796,G,A,VAR_R,0.39971617,0.60388
hg38,9,5534796,G,A,VAR_RL,0.39971617,0.60388
hg38,9,5534796,G,A,VEST4,0.139,0.137
hg38,9,5534796,G,A,fathmm-XF,0.397389,0.47169
hg38,9,5534796,G,A,gMVP,0.5439660243241087,0.54132
hg38,9,5756246,A,G,AlphaMissense,0.1946;0.2039;0.278,0.51124
hg38,9,5756246,A,G,BayesDel_addAF,-0.0650846,0.41764
hg38,9,5756246,A,G,BayesDel_noAF,-0.331266,0.40979
hg38,9,5756246,A,G,CADD,4.413059,0.68352
hg38,9,5756246,A,G,ClinPred,0.989272713661194,0.79365
hg38,9,5756246,A,G,DANN,0.9986927188664088,0.9473
hg38,9,5756246,A,G,DEOGEN2,.;0.396227;.,0.75320
hg38,9,5756246,A,G,ESM1B,-8.001;-7.962;-8.326,0.63345
hg38,9,5756246,A,G,Eigen,0.6532513916977,0.76455
hg38,9,5756246,A,G,Eigen-PC,0.679021745632727,0.80683
hg38,9,5756246,A,G,LIST-S2,0.981202;0.976102;0.967803,0.93564
hg38,9,5756246,A,G,M-CAP,0.028616,0.51071
hg38,9,5756246,A,G,MVP,0.251679625132;0.251679625132;0.251679625132,0.24382
hg38,9,5756246,A,G,MetaLR,0.2672,0.63713
hg38,9,5756246,A,G,MetaRNN,0.7790016;0.7790016;0.7790016,0.77476
hg38,9,5756246,A,G,MetaSVM,-0.7427,0.58138
hg38,9,5756246,A,G,MutAssessor,2.44;2.44;.,0.70564
hg38,9,5756246,A,G,MutFormer,0.00184170,0.21932
hg38,9,5756246,A,G,MutPred,0.531;0.531;.,0.63732
hg38,9,5756246,A,G,MutScore,0.553,0.74788
hg38,9,5756246,A,G,MutTaster,0.27;0.24;0.26,0.52324
hg38,9,5756246,A,G,PHACTboost,.;0.986078616142079;.,0.86986
hg38,9,5756246,A,G,PP2_HDIV,.;0.999;.,0.77914
hg38,9,5756246,A,G,PP2_HVAR,.;0.967;.,0.71532
hg38,9,5756246,A,G,PROVEAN,-4.14;-4.14;.,0.75248
hg38,9,5756246,A,G,PrimateAI,0.691501617432,0.65865
hg38,9,5756246,A,G,REVEL,0.386;0.386;0.386,0.70117
hg38,9,5756246,A,G,SIFT,0.043;0.053;.,0.41520
hg38,9,5756246,A,G,SIFT4G,0.0;0.0;0.0,0.92967
hg38,9,5756246,A,G,VAR_ER,.;0.28574455;.,0.54368
hg38,9,5756246,A,G,VAR_ERL,.;0.28574455;.,0.54367
hg38,9,5756246,A,G,VAR_R,.;0.36919993;.,0.58197
hg38,9,5756246,A,G,VAR_RL,.;0.36919993;.,0.58198
hg38,9,5756246,A,G,VEST4,0.87;0.902;0.788,0.90245
hg38,9,5756246,A,G,fathmm-XF,0.883837,0.81237
hg38,9,5756246,A,G,gMVP,.;0.5994177386292362;.,0.59692
hg38,9,5906979,A,G,AlphaMissense,.;0.0773;0.0765,0.066
hg38,9,5906979,A,G,BayesDel_addAF,0.131583,0.67281
hg38,9,5906979,A,G,BayesDel_noAF,-0.0487665,0.66871
hg38,9,5906979,A,G,CADD,3.737271,0.53578
hg38,9,5906979,A,G,ClinPred,0.984820187091827,0.75834
hg38,9,5906979,A,G,DANN,0.9987316249633869,0.95079
hg38,9,5906979,A,G,DEOGEN2,0.700311;0.700311;0.700311,0.91281
hg38,9,5906979,A,G,ESM1B,-3.938;-3.938;-3.938,0.22894
hg38,9,5906979,A,G,Eigen,0.59886592876895,0.72961
hg38,9,5906979,A,G,Eigen-PC,0.570976994903174,0.72719
hg38,9,5906979,A,G,LIST-S2,.;.;0.481052,0.14271
hg38,9,5906979,A,G,M-CAP,0.007839,0.20524
hg38,9,5906979,A,G,MPC,0.740148035637;.;.,0.6297
hg38,9,5906979,A,G,MVP,0.267755039894;0.267755039894;0.267755039894,0.25989
hg38,9,5906979,A,G,MetaLR,0.3465,0.7101
hg38,9,5906979,A,G,MetaRNN,0.3044837;0.3044837;0.3044837,0.47592
hg38,9,5906979,A,G,MetaSVM,-0.0940,0.80147
hg38,9,5906979,A,G,MutAssessor,2.255;2.255;2.255,0.63995
hg38,9,5906979,A,G,MutFormer,0.70755520,0.8624
hg38,9,5906979,A,G,MutPred,0.171;0.171;0.171,0.07609
hg38,9,5906979,A,G,MutScore,0.331,0.59433
hg38,9,5906979,A,G,PHACTboost,0.237845135814631;0.237845135814631;0.237845135814631,0.51699
hg38,9,5906979,A,G,PP2_HDIV,1.0;1.0;1.0,0.9058
hg38,9,5906979,A,G,PP2_HVAR,0.993;0.993;0.993,0.81117
hg38,9,5906979,A,G,PROVEAN,-4.83;-4.83;-4.83,0.80975
hg38,9,5906979,A,G,PrimateAI,0.357290655375,0.18971
hg38,9,5906979,A,G,REVEL,0.221;0.221;0.221,0.51503
hg38,9,5906979,A,G,SIFT,0.015;0.015;0.015,0.5265
hg38,9,5906979,A,G,SIFT4G,0.019;0.019;0.019,0.59495
hg38,9,5906979,A,G,VAR_ER,0.43488568;0.43488568;0.43488568,0.66737
hg38,9,5906979,A,G,VAR_ERL,0.43488568;0.43488568;0.43488568,0.66737
hg38,9,5906979,A,G,VAR_R,0.39278555;0.39278555;0.39278555,0.59904
hg38,9,5906979,A,G,VAR_RL,0.39278555;0.39278555;0.39278555,0.59904
hg38,9,5906979,A,G,VEST4,0.416;0.416;0.416,0.45367
hg38,9,5906979,A,G,fathmm-XF,0.607746,0.59615
hg38,9,5906979,A,G,gMVP,0.43887519787943696;.;.,0.43604
hg38,9,6014079,C,T,AlphaMissense,0.0669;0.0717,0.04173
hg38,9,6014079,C,T,BayesDel_addAF,-0.342157,0.05063
hg38,9,6014079,C,T,BayesDel_noAF,-0.50356,0.21649
hg38,9,6014079,C,T,CADD,3.067276,0.4129
hg38,9,6014079,C,T,ClinPred,0.199523798931701,0.20138
hg38,9,6014079,C,T,DANN,0.1712953882976494,0.00483
hg38,9,6014079,C,T,DEOGEN2,0.018625;0.002224,0.14879
hg38,9,6014079,C,T,ESM1B,-1.614;.,0.02017
hg38,9,6014079,C,T,Eigen,-0.668250497493639,0.16721
hg38,9,6014079,C,T,Eigen-PC,-0.401812679119962,0.24626
hg38,9,6014079,C,T,LIST-S2,0.841416;0.718928,0.51556
hg38,9,6014079,C,T,M-CAP,0.003396,0.07376
hg38,9,6014079,C,T,MPC,0.0846894851254;.,0.09374
hg38,9,6014079,C,T,MVP,0.466230903105;0.466230903105,0.45871
hg38,9,6014079,C,T,MetaLR,0.0432,0.18436
hg38,9,6014079,C,T,MetaRNN,0.029350072;0.029350072,0.01062
hg38,9,6014079,C,T,MetaSVM,-0.9737,0.36265
hg38,9,6014079,C,T,MutAssessor,-1.755;.,0.00320
hg38,9,6014079,C,T,MutFormer,0.06329140,0.61957
hg38,9,6014079,C,T,MutScore,0.209,0.47298
hg38,9,6014079,C,T,MutTaster,0.04;.,0.13669
hg38,9,6014079,C,T,PHACTboost,0.000373200903142688;.,0.05876
hg38,9,6014079,C,T,PP2_HDIV,0.004;.,0.12194
hg38,9,6014079,C,T,PP2_HVAR,0.0;.,0.01384
hg38,9,6014079,C,T,PROVEAN,2.12;.,0.00350
hg38,9,6014079,C,T,PrimateAI,0.337589085102,0.16061
hg38,9,6014079,C,T,REVEL,0.085;.,0.24571
hg38,9,6014079,C,T,SIFT,0.974;.,0.02043
hg38,9,6014079,C,T,SIFT4G,0.647;.,0.06923
hg38,9,6014079,C,T,VAR_ER,0.06394465;.,0.12745
hg38,9,6014079,C,T,VAR_ERL,0.06394465;.,0.12745
hg38,9,6014079,C,T,VAR_R,0.071578555;.,0.15713
hg38,9,6014079,C,T,VAR_RL,0.071578555;.,0.15712
hg38,9,6014079,C,T,VEST4,0.061;.,0.03277
hg38,9,6014079,C,T,fathmm-XF,0.230745,0.35201
hg38,9,6014079,C,T,gMVP,0.043813413720186295;.,0.04230
hg38,9,6475450,T,C,AlphaMissense,0.4269;0.3152,0.60982
hg38,9,6475450,T,C,BayesDel_addAF,0.263368,0.7969
hg38,9,6475450,T,C,BayesDel_noAF,0.140533,0.79427
hg38,9,6475450,T,C,CADD,4.399867,0.68033
hg38,9,6475450,T,C,ClinPred,0.993599057197571,0.8433
hg38,9,6475450,T,C,DANN,0.9984947979642578,0.9293
hg38,9,6475450,T,C,DEOGEN2,0.295674;0.315449,0.68526
hg38,9,6475450,T,C,ESM1B,-8.497;.,0.64485
hg38,9,6475450,T,C,Eigen,0.541656586614435,0.69414
hg38,9,6475450,T,C,Eigen-PC,0.575228869280576,0.73021
hg38,9,6475450,T,C,LIST-S2,0.89791;0.970203,0.89277
hg38,9,6475450,T,C,M-CAP,0.340499,0.91984
hg38,9,6475450,T,C,MPC,1.79161734065;.,0.91478
hg38,9,6475450,T,C,MVP,0.768462577861;0.768462577861,0.76451
hg38,9,6475450,T,C,MetaLR,0.7101,0.90008
hg38,9,6475450,T,C,MetaRNN,0.6622995;0.6622995,0.69957
hg38,9,6475450,T,C,MetaSVM,0.5484,0.9118
hg38,9,6475450,T,C,MutAssessor,2.54;.,0.73893
hg38,9,6475450,T,C,MutFormer,0.05766783,0.60988
hg38,9,6475450,T,C,MutPred,0.393;.,0.41625
hg38,9,6475450,T,C,MutScore,0.523,0.72919
hg38,9,6475450,T,C,PHACTboost,0.702865877654543;.,0.67125
hg38,9,6475450,T,C,PP2_HDIV,0.87;.,0.47843
hg38,9,6475450,T,C,PP2_HVAR,0.542;.,0.48915
hg38,9,6475450,T,C,PROVEAN,-3.87;-4.1,0.74928
hg38,9,6475450,T,C,PrimateAI,0.654426276684,0.60552
hg38,9,6475450,T,C,REVEL,0.715;0.715,0.89834
hg38,9,6475450,T,C,SIFT,0.025;0.048,0.4748
hg38,9,6475450,T,C,SIFT4G,0.035;0.006,0.70891
hg38,9,6475450,T,C,VAR_ER,0.32065082;.,0.57793
hg38,9,6475450,T,C,VAR_ERL,0.32065082;.,0.57792
hg38,9,6475450,T,C,VAR_R,0.4641597;.,0.64615
hg38,9,6475450,T,C,VAR_RL,0.4641597;.,0.64615
hg38,9,6475450,T,C,VEST4,0.738;.,0.73708
hg38,9,6475450,T,C,fathmm-XF,0.85244,0.7685
hg38,9,6475450,T,C,gMVP,0.9838969923317096;.,0.98375
hg38,9,8507360,G,A,AlphaMissense,.;0.6914;.;0.4965;0.7157;0.6882;0.5193;0.6688;0.8347,0.78922
hg38,9,8507360,G,A,BayesDel_addAF,0.234135,0.76939
hg38,9,8507360,G,A,BayesDel_noAF,0.195396,0.8275
hg38,9,8507360,G,A,CADD,5.465916,0.91233
hg38,9,8507360,G,A,ClinPred,0.860560536384583,0.50835
hg38,9,8507360,G,A,DANN,0.9992602481813998,0.99104
hg38,9,8507360,G,A,DEOGEN2,0.179851;.;.;0.179851;.;.;0.179851;.;.,0.52865
hg38,9,8507360,G,A,ESM1B,-12.091;-12.365;.;-12.091;-12.406;.;-12.091;-12.38;-12.256,0.86806
hg38,9,8507360,G,A,Eigen,0.710188418982603,0.80193
hg38,9,8507360,G,A,Eigen-PC,0.730797020297333,0.84633
hg38,9,8507360,G,A,LIST-S2,.;0.985401;.;.;0.985401;0.985401;0.986801;0.985401;0.985401,0.95500
hg38,9,8507360,G,A,M-CAP,0.011424,0.28759
hg38,9,8507360,G,A,MVP,0.659108873147;0.659108873147;0.659108873147;0.659108873147;0.659108873147;0.659108873147;0.659108873147;0.659108873147;0.659108873147,0.65358
hg38,9,8507360,G,A,MetaLR,0.4124,0.75934
hg38,9,8507360,G,A,MetaRNN,0.638373;0.638373;.;0.638373;0.638373;0.638373;0.6383731;0.6383731;0.6383731,0.68638
hg38,9,8507360,G,A,MetaSVM,-0.3537,0.73328
hg38,9,8507360,G,A,MutAssessor,2.395;2.395;.;2.395;.;.;2.395;2.395;.,0.69015
hg38,9,8507360,G,A,MutFormer,0.10462773,0.66993
hg38,9,8507360,G,A,MutPred,0.547;0.547;.;0.547;.;.;0.547;0.547;.,0.66038
hg38,9,8507360,G,A,MutScore,0.359,0.61631
hg38,9,8507360,G,A,MutTaster,0.35;0.54;0.73;0.35;0.73;0.73;0.35;0.54;0.73,0.83975
hg38,9,8507360,G,A,PHACTboost,0.700670741700047;.;.;0.700670741700047;.;.;0.700670741700047;.;.,0.67050
hg38,9,8507360,G,A,PP2_HDIV,0.998;.;.;0.998;.;0.99;0.998;.;.,0.73231
hg38,9,8507360,G,A,PP2_HVAR,0.978;.;.;0.978;.;0.86;0.978;.;.,0.74106
hg38,9,8507360,G,A,PROVEAN,-2.87;-2.33;.;-2.87;-2.33;.;-2.87;-2.33;-2.33,0.60380
hg38,9,8507360,G,A,PrimateAI,0.678324103355,0.63969
hg38,9,8507360,G,A,REVEL,0.387;0.387;0.387;0.387;0.387;0.387;0.387;0.387;0.387,0.70200
hg38,9,8507360,G,A,SIFT,0.033;0.003;.;0.033;0.003;.;0.033;0.003;0.001,0.78662
hg38,9,8507360,G,A,SIFT4G,0.117;0.048;.;0.117;0.043;0.049;0.117;0.047;0.05,0.50294
hg38,9,8507360,G,A,VAR_ER,0.2412855;.;.;0.2412855;.;.;0.2412855;.;.,0.49335
hg38,9,8507360,G,A,VAR_ERL,0.2412855;.;.;0.2412855;.;.;0.2412855;.;.,0.49334
hg38,9,8507360,G,A,VAR_R,0.3254171;.;.;0.3254171;.;.;0.3254171;.;.,0.54760
hg38,9,8507360,G,A,VAR_RL,0.3254171;.;.;0.3254171;.;.;0.3254171;.;.,0.54760
hg38,9,8507360,G,A,VEST4,0.761;0.708;.;0.723;0.706;0.674;0.768;0.7;0.693,0.76475
hg38,9,8507360,G,A,fathmm-XF,0.885845,0.81604
hg38,9,8507360,G,A,gMVP,0.4470098994182922;.;.;.;.;.;.;.;.,0.44418
hg38,9,15744466,T,C,AlphaMissense,0.8915,0.82147
hg38,9,15744466,T,C,BayesDel_addAF,0.238182,0.77323
hg38,9,15744466,T,C,BayesDel_noAF,0.104356,0.77028
hg38,9,15744466,T,C,CADD,4.843696,0.79144
hg38,9,15744466,T,C,ClinPred,0.966635286808014,0.67436
hg38,9,15744466,T,C,DANN,0.998739136653393,0.95164
hg38,9,15744466,T,C,DEOGEN2,0.157614,0.49768
hg38,9,15744466,T,C,ESM1B,-12.961,0.89226
hg38,9,15744466,T,C,Eigen,0.556517862415532,0.70322
hg38,9,15744466,T,C,Eigen-PC,0.592438016222833,0.74257
hg38,9,15744466,T,C,LIST-S2,0.806319,0.45348
hg38,9,15744466,T,C,M-CAP,0.043783,0.61012
hg38,9,15744466,T,C,MVP,0.165133752707,0.15707
hg38,9,15744466,T,C,MetaLR,0.1504,0.47602
hg38,9,15744466,T,C,MetaRNN,0.79256845,0.78576
hg38,9,15744466,T,C,MetaSVM,-0.8741,0.50023
hg38,9,15744466,T,C,MutAssessor,1.995,0.5392
hg38,9,15744466,T,C,MutFormer,0.00304550,0.27508
hg38,9,15744466,T,C,MutPred,0.491,0.576
hg38,9,15744466,T,C,MutScore,0.382,0.63351
hg38,9,15744466,T,C,PHACTboost,0.812782942059248,0.71338
hg38,9,15744466,T,C,PP2_HDIV,0.998,0.73231
hg38,9,15744466,T,C,PP2_HVAR,0.943,0.67917
hg38,9,15744466,T,C,PROVEAN,-2.41,0.52959
hg38,9,15744466,T,C,PrimateAI,0.676548242569,0.63714
hg38,9,15744466,T,C,REVEL,0.374,0.69109
hg38,9,15744466,T,C,SIFT,0.0,0.91343
hg38,9,15744466,T,C,SIFT4G,0.04,0.5116
hg38,9,15744466,T,C,VAR_ER,0.5824313,0.75545
hg38,9,15744466,T,C,VAR_ERL,0.5824313,0.75546
hg38,9,15744466,T,C,VAR_R,0.47839236,0.65491
hg38,9,15744466,T,C,VAR_RL,0.47839236,0.65492
hg38,9,15744466,T,C,VEST4,0.784,0.77985
hg38,9,15744466,T,C,fathmm-XF,0.596904,0.58944
hg38,9,15744466,T,C,gMVP,0.5216081990315492,0.51891
hg38,9,17484465,C,G,AlphaMissense,0.1784,0.38952
hg38,9,17484465,C,G,BayesDel_addAF,-0.334385,0.05604
hg38,9,17484465,C,G,BayesDel_noAF,-0.718097,0.04709
hg38,9,17484465,C,G,CADD,1.800383,0.22927
hg38,9,17484465,C,G,ClinPred,0.66925048828125,0.38999
hg38,9,17484465,C,G,DANN,0.9946459389183055,0.66041
hg38,9,17484465,C,G,ESM1B,-2.511,0.05862
hg38,9,17484465,C,G,Eigen,-0.186897230874594,0.33401
hg38,9,17484465,C,G,Eigen-PC,-0.161207468703386,0.32668
hg38,9,17484465,C,G,LIST-S2,0.60384,0.22396
hg38,9,17484465,C,G,M-CAP,0.003434,0.07496
hg38,9,17484465,C,G,MVP,0.0297737177859,0.0129
hg38,9,17484465,C,G,MetaLR,0.0487,0.20638
hg38,9,17484465,C,G,MetaRNN,0.06582543,0.08905
hg38,9,17484465,C,G,MetaSVM,-1.0340,0.1915
hg38,9,17484465,C,G,MutAssessor,1.81,0.47446
hg38,9,17484465,C,G,MutFormer,0.00012371,0.01489
hg38,9,17484465,C,G,MutPred,0.308,0.27838
hg38,9,17484465,C,G,MutScore,0.049,0.12781
hg38,9,17484465,C,G,PP2_HDIV,0.383,0.34443
hg38,9,17484465,C,G,PP2_HVAR,0.066,0.27434
hg38,9,17484465,C,G,PROVEAN,-0.52,0.16117
hg38,9,17484465,C,G,PrimateAI,0.454094856977,0.32463
hg38,9,17484465,C,G,REVEL,0.076,0.22039
hg38,9,17484465,C,G,SIFT,0.108,0.29555
hg38,9,17484465,C,G,SIFT4G,0.394,0.15522
hg38,9,17484465,C,G,VEST4,0.216,0.23972
hg38,9,17484465,C,G,fathmm-XF,0.135283,0.25342
hg38,9,17484465,C,G,gMVP,0.06651340790605555,0.06473
hg38,9,35739074,G,A,AlphaMissense,0.0983;0.1335,0.29008
hg38,9,35739074,G,A,BayesDel_addAF,-0.172398,0.24534
hg38,9,35739074,G,A,BayesDel_noAF,-0.281814,0.4628
hg38,9,35739074,G,A,CADD,4.935258,0.81438
hg38,9,35739074,G,A,ClinPred,0.181259914196003,0.19075
hg38,9,35739074,G,A,DANN,0.9989338995826348,0.96668
hg38,9,35739074,G,A,DEOGEN2,0.83171;.,0.95957
hg38,9,35739074,G,A,ESM1B,-9.258;-9.411,0.70383
hg38,9,35739074,G,A,Eigen,0.402377350002747,0.61355
hg38,9,35739074,G,A,Eigen-PC,0.465804522481656,0.65552
hg38,9,35739074,G,A,LIST-S2,0.889911;0.89781,0.64167
hg38,9,35739074,G,A,M-CAP,0.003152,0.06656
hg38,9,35739074,G,A,MPC,0.332663960709;.,0.35025
hg38,9,35739074,G,A,MVP,0.737417931293;0.737417931293,0.73299
hg38,9,35739074,G,A,MetaLR,0.0865,0.33383
hg38,9,35739074,G,A,MetaRNN,0.25557178;0.25557178,0.42562
hg38,9,35739074,G,A,MetaSVM,-1.0397,0.17391
hg38,9,35739074,G,A,MutAssessor,1.15;1.15,0.29146
hg38,9,35739074,G,A,MutFormer,0.27429137,0.76004
hg38,9,35739074,G,A,MutScore,0.119,0.32348
hg38,9,35739074,G,A,MutTaster,0.1;0.1,0.28107
hg38,9,35739074,G,A,PHACTboost,0.0192769649180748;.,0.29147
hg38,9,35739074,G,A,PP2_HDIV,0.99;0.991,0.64084
hg38,9,35739074,G,A,PP2_HVAR,0.545;0.409,0.49042
hg38,9,35739074,G,A,PROVEAN,-2.6;-2.52,0.56009
hg38,9,35739074,G,A,PrimateAI,0.252322256565,0.04017
hg38,9,35739074,G,A,REVEL,0.148;0.148,0.38964
hg38,9,35739074,G,A,SIFT,0.075;0.064,0.36659
hg38,9,35739074,G,A,SIFT4G,0.068;0.15,0.44455
hg38,9,35739074,G,A,VAR_ER,0.1084718;.,0.26075
hg38,9,35739074,G,A,VAR_ERL,0.1084718;.,0.26074
hg38,9,35739074,G,A,VAR_R,0.127899;.,0.29655
hg38,9,35739074,G,A,VAR_RL,0.127899;.,0.29655
hg38,9,35739074,G,A,VEST4,0.407;0.409,0.44704
hg38,9,35739074,G,A,fathmm-XF,0.529196,0.54883
hg38,9,35739074,G,A,gMVP,0.6091811679561359;.,0.60672
hg38,9,36219838,C,T,AlphaMissense,0.1013;0.1121;.;0.1517;0.1189,0.33619
hg38,9,36219838,C,T,BayesDel_addAF,0.281327,0.81293
hg38,9,36219838,C,T,BayesDel_noAF,0.402999,0.92151
hg38,9,36219838,C,T,CADD,5.627951,0.92662
hg38,9,36219838,C,T,ClinPred,0.35170586265606,0.26786
hg38,9,36219838,C,T,DANN,0.9977738691703768,0.86444
hg38,9,36219838,C,T,DEOGEN2,0.698402;.;.;.;.,0.91209
hg38,9,36219838,C,T,ESM1B,-4.704;-4.554;.;-4.554;-4.155,0.33492
hg38,9,36219838,C,T,Eigen,0.284220354977397,0.5512
hg38,9,36219838,C,T,Eigen-PC,0.416838468527727,0.62412
hg38,9,36219838,C,T,LIST-S2,0.984202;0.984202;.;0.984202;0.984202,0.94624
hg38,9,36219838,C,T,M-CAP,0.689368,0.97435
hg38,9,36219838,C,T,MPC,.;0.845187073958;.;.;.,0.68064
hg38,9,36219838,C,T,MVP,.;0.992816669263;0.992816669263;0.992816669263;0.992816669263,0.99264
hg38,9,36219838,C,T,MetaLR,0.9751,0.99221
hg38,9,36219838,C,T,MetaRNN,0.51383686;0.51383686;.;0.51383686;0.51383686,0.61936
hg38,9,36219838,C,T,MetaSVM,1.0931,0.99364
hg38,9,36219838,C,T,MutAssessor,1.95;.;.;.;.,0.52299
hg38,9,36219838,C,T,MutFormer,0.99894804,0.99055
hg38,9,36219838,C,T,MutPred,0.432;.;.;.;.,0.48029
hg38,9,36219838,C,T,MutScore,0.921,0.9599
hg38,9,36219838,C,T,PHACTboost,0.995313476146869;.;.;.;.,0.91243
hg38,9,36219838,C,T,PP2_HDIV,0.181;0.277;.;.;.,0.31995
hg38,9,36219838,C,T,PP2_HVAR,0.014;0.053;.;.;.,0.2568
hg38,9,36219838,C,T,PROVEAN,.;-0.57;.;-0.67;-0.63,0.19232
hg38,9,36219838,C,T,PrimateAI,0.814339160919,0.8413
hg38,9,36219838,C,T,REVEL,.;0.617;0.617;0.617;0.617,0.85019
hg38,9,36219838,C,T,SIFT,.;0.01;.;0.098;0.011,0.56615
hg38,9,36219838,C,T,SIFT4G,.;0.344;.;0.561;0.163,0.31445
hg38,9,36219838,C,T,VAR_ER,0.53260463;.;.;.;.,0.72737
hg38,9,36219838,C,T,VAR_ERL,0.53260463;.;.;.;.,0.72738
hg38,9,36219838,C,T,VAR_R,0.6986736;.;.;.;.,0.77731
hg38,9,36219838,C,T,VAR_RL,0.6986736;.;.;.;.,0.77732
hg38,9,36219838,C,T,VEST4,.;0.32;.;0.277;0.288,0.35806
hg38,9,36219838,C,T,fathmm-XF,0.927232,0.90925
hg38,9,36219838,C,T,gMVP,.;0.838672207323034;.;.;.,0.8373
hg38,9,37537684,G,A,AlphaMissense,0.0847,0.10157
hg38,9,37537684,G,A,BayesDel_addAF,-0.357412,0.04113
hg38,9,37537684,G,A,BayesDel_noAF,-0.751174,0.03279
hg38,9,37537684,G,A,CADD,1.694856,0.2163
hg38,9,37537684,G,A,ClinPred,0.0416686549665838,0.03961
hg38,9,37537684,G,A,DANN,0.7464835771583372,0.10949
hg38,9,37537684,G,A,DEOGEN2,0.020813,0.162
hg38,9,37537684,G,A,ESM1B,-4.082,0.25048
hg38,9,37537684,G,A,Eigen,-0.968198943583348,0.09177
hg38,9,37537684,G,A,Eigen-PC,-0.896341722010661,0.1197
hg38,9,37537684,G,A,LIST-S2,0.587941,0.21248
hg38,9,37537684,G,A,M-CAP,0.004343,0.10311
hg38,9,37537684,G,A,MPC,0.316401649141,0.33603
hg38,9,37537684,G,A,MVP,0.204665344411,0.19707
hg38,9,37537684,G,A,MetaLR,0.0398,0.17017
hg38,9,37537684,G,A,MetaRNN,0.059431225,0.07127
hg38,9,37537684,G,A,MetaSVM,-1.0239,0.22397
hg38,9,37537684,G,A,MutAssessor,-0.345,0.03334
hg38,9,37537684,G,A,MutFormer,0.00098176,0.15328
hg38,9,37537684,G,A,MutPred,0.265,0.20996
hg38,9,37537684,G,A,MutScore,0.01,0.00669
hg38,9,37537684,G,A,PHACTboost,3.82423808625898e-05,0.01625
hg38,9,37537684,G,A,PP2_HDIV,0.0,0.0295
hg38,9,37537684,G,A,PP2_HVAR,0.0,0.01384
hg38,9,37537684,G,A,PROVEAN,-0.75,0.20943
hg38,9,37537684,G,A,PrimateAI,0.291798293591,0.09179
hg38,9,37537684,G,A,REVEL,0.085,0.24571
hg38,9,37537684,G,A,SIFT,0.327,0.13339
hg38,9,37537684,G,A,SIFT4G,0.391,0.15675
hg38,9,37537684,G,A,VAR_ER,0.028584389,0.01115
hg38,9,37537684,G,A,VAR_ERL,0.028584389,0.01115
hg38,9,37537684,G,A,VAR_R,0.021017812,0.00682
hg38,9,37537684,G,A,VAR_RL,0.021017812,0.00681
hg38,9,37537684,G,A,VEST4,0.113,0.10018
hg38,9,37537684,G,A,fathmm-XF,0.049613,0.08449
hg38,9,37537684,G,A,gMVP,0.29102055841930335,0.28817
hg38,9,37541630,G,A,BayesDel_addAF,0.619807,0.98328
hg38,9,37541630,G,A,BayesDel_noAF,0.652534,0.983
hg38,9,37541630,G,A,CADD,8.985145,0.98304
hg38,9,37541630,G,A,DANN,0.9979483632147716,0.88027
hg38,9,37541630,G,A,Eigen,1.12827792451242,0.98617
hg38,9,37541630,G,A,Eigen-PC,0.987365852483795,0.98359
hg38,9,37541630,G,A,VEST4,0.426;.,0.46309
hg38,9,37541630,G,A,fathmm-XF,0.268619,0.38306
