chr,pos,ref,alt,aaref,aaalt,rs_dbSNP,hg19_chr,hg19_pos,hg18_chr,hg18_pos,aapos,genename,Ensembl_geneid,Ensembl_transcriptid,Ensembl_proteinid,REVEL_score,REVEL_rankscore,gMVP_score,gMVP_rankscore,VARITY_R_score,VARITY_R_rankscore,VARITY_ER_score,VARITY_ER_rankscore,VARITY_R_LOO_score,VARITY_R_LOO_rankscore,VARITY_ER_LOO_score,VARITY_ER_LOO_rankscore,ESM1b_score,ESM1b_rankscore,ESM1b_pred,EVE_score,EVE_rankscore,EVE_Class10_pred,EVE_Class20_pred,EVE_Class25_pred,EVE_Class30_pred,EVE_Class40_pred,EVE_Class50_pred,EVE_Class60_pred,EVE_Class70_pred,EVE_Class75_pred,EVE_Class80_pred,EVE_Class90_pred,AlphaMissense_score,AlphaMissense_rankscore,AlphaMissense_pred,label
1,26773457,G,A,R,Q,rs369087151,1,27099948,1,26972535,1276,ARID1A,ENSG00000117713,ENST00000324856,ENSP00000320485,0.224,0.52174,0.51425492107228,0.51348,0.77228135,0.82185,0.66757035,0.80503,0.77228135,0.82187,0.66757035,0.80504,-7.23,0.59879,T,0.5918067492577078,0.65861,U,U,U,U,U,U,U,U,U,U,P,0.3459,0.57398,A,0
1,26774609,G,A,R,Q,rs1257406381,1,27101100,1,26973687,1077,ARID1A,ENSG00000117713,ENST00000430799,ENSP00000390317,.,0.64926,.,0.37505,.,0.66240,.,0.66514,.,0.66241,.,0.66514,.,0.53727,.,.,0.67886,.,.,.,.,.,.,.,.,.,.,.,0.5261,0.72490,A,0
1,26779864,G,A,R,Q,rs773909963,1,27106355,1,26978942,1605,ARID1A,ENSG00000117713,ENST00000430799,ENSP00000390317,.,0.88490,.,0.87432,.,0.92742,.,0.90186,.,0.92743,.,0.90187,.,0.83104,.,.,0.84684,.,.,.,.,.,.,.,.,.,.,.,0.9198,0.84746,P,0
1,26780157,G,A,G,R,rs1553153748,1,27106648,1,26979235,1703,ARID1A,ENSG00000117713,ENST00000430799,ENSP00000390317,.,0.89053,.,0.94401,.,0.98560,.,0.97430,.,0.98560,.,0.97431,.,0.87115,.,.,0.83766,.,.,.,.,.,.,.,.,.,.,.,0.9967,0.98383,P,0
1,26780371,G,A,R,Q,rs142069738,1,27106862,1,26979449,1774,ARID1A,ENSG00000117713,ENST00000430799,ENSP00000390317,.,0.57612,.,0.65707,.,0.80064,.,0.73072,.,0.80066,.,0.73073,.,0.58115,.,.,0.86258,.,.,.,.,.,.,.,.,.,.,.,0.5061,0.72380,A,0
1,77962826,G,A,R,C,rs1408536007,1,78428511,1,78201099,430,FUBP1,ENSG00000162613,ENST00000370767,ENSP00000359803,0.556,0.81717,.,0.78661,.,0.87142,.,0.82357,.,0.87144,.,0.82358,.,0.82694,.,.,.,.,.,.,.,.,.,.,.,.,.,.,0.935,0.86021,P,0
10,87864515,T,G,Y,D,rs1064796078,10,89624272,10,89614252,16,PTEN,ENSG00000171862,ENST00000371953,ENSP00000361021,0.844,0.95138,0.9817594661333494,0.98167,0.8674444,0.88660,0.6206327,0.77901,0.89296645,0.90764,0.5719065,0.75209,-18.212,0.99605,D,0.3679965047044873,0.46381,U,U,U,U,U,U,U,U,U,B,B,0.9988,0.98157,P,0
10,87864540,A,G,D,G,rs797044910,10,89624297,10,89614277,24,PTEN,ENSG00000171862,ENST00000371953,ENSP00000361021,0.952,0.99124,0.993539525747056,0.99349,0.91470385,0.92737,0.81983864,0.89528,0.9391461,0.95161,0.7970678,0.88087,-14.849,0.95488,D,0.7146115115215844,0.79517,U,U,U,U,U,U,P,P,P,P,P,0.9998,0.99585,P,0
10,87864548,T,G,Y,D,.,10,89624305,10,89614285,27,PTEN,ENSG00000171862,ENST00000371953,ENSP00000361021,0.914,0.97738,0.9967922027741859,0.99677,0.9586149,0.97140,0.8887655,0.94180,0.9586149,0.97140,0.8887655,0.94180,-12.035,0.85021,D,.,.,.,.,.,.,.,.,.,.,.,.,.,0.9937,0.94938,P,0
10,87894050,G,A,M,I,rs1554893782,10,89653807,10,89643787,35,PTEN,ENSG00000171862,ENST00000371953,ENSP00000361021,0.947,0.98955,0.978561942099245,0.97847,0.80567884,0.84271,0.66502887,0.80361,0.8296237,0.85878,0.54844165,0.73895,-11.422,0.81922,D,0.7282102891110249,0.80975,U,U,U,U,U,U,P,P,P,P,P,0.9993,0.98765,P,0
10,87894057,C,T,P,S,rs587780004,10,89653814,10,89643794,38,PTEN,ENSG00000171862,ENST00000371953,ENSP00000361021,0.957,0.99284,0.9942262321516032,0.99419,0.8790774,0.89591,0.5899181,0.76208,0.89489424,0.90933,0.62745184,0.78278,-13.514,0.91369,D,0.724560834788132,0.80589,U,U,U,U,U,U,P,P,P,P,P,0.9998,0.99585,P,0
10,87925530,A,G,H,R,rs398123316,10,89685287,10,89675267,61,PTEN,ENSG00000171862,ENST00000371953,ENSP00000361021,0.981,0.99874,0.9945981051662504,0.99456,0.9048594,0.91821,0.82555485,0.89896,0.89997834,0.91382,0.8317652,0.90300,-12.869,0.88816,D,0.7154164428465837,0.79605,U,U,U,U,U,U,P,P,P,P,P,0.9987,0.98051,P,0
10,87925548,T,C,I,T,rs1859804665,10,89685305,10,89675285,67,PTEN,ENSG00000171862,ENST00000371953,ENSP00000361021,0.966,0.99545,0.9793729183187891,0.97928,0.80079836,0.83956,0.6186738,0.77793,0.8114963,0.84654,0.61551684,0.77621,-12.868,0.88812,D,0.33565806105078944,0.43358,U,U,U,U,U,U,U,U,B,B,B,0.998,0.97401,P,0
10,87925550,T,C,Y,H,rs398123317,10,89685307,10,89675287,68,PTEN,ENSG00000171862,ENST00000371953,ENSP00000361021,0.988,0.99961,0.9812184435023894,0.98113,0.8789563,0.89581,0.4907515,0.70539,0.82197857,0.85354,0.493365,0.70697,-14.058,0.93243,D,0.7158069073212088,0.79647,U,U,U,U,U,U,P,P,P,P,P,0.9987,0.98051,P,0
10,87931048,G,A,C,Y,rs1554897856,10,89690805,10,89680785,71,PTEN,ENSG00000171862,ENST00000371953,ENSP00000361021,0.957,0.99284,0.9896848617193968,0.98963,0.9673982,0.98014,0.95615304,0.98759,0.9716822,0.98415,0.95615304,0.98760,-14.704,0.95120,D,0.7055390000356301,0.78511,U,U,U,U,U,U,U,P,P,P,P,0.9998,0.99585,P,0
10,87933035,C,A,D,E,rs779530981,10,89692792,10,89682772,92,PTEN,ENSG00000171862,ENST00000371953,ENSP00000361021,0.897,0.97097,0.9639787057943252,0.96384,0.9104314,0.92335,0.6739606,0.80860,0.8665001,0.88588,0.6740543,0.80866,-13.675,0.91952,D,0.7113335853781144,0.79160,U,U,U,U,U,U,U,P,P,P,P,0.9997,0.99395,P,0
10,87933037,A,G,H,R,rs121909238,10,89692794,10,89682774,93,PTEN,ENSG00000171862,ENST00000371953,ENSP00000361021,0.968,0.99597,0.9900926633629588,0.99004,0.93764573,0.95008,0.81992996,0.89534,0.9319293,0.94431,0.8397503,0.90822,-15.068,0.96009,D,0.7032446190249139,0.78249,U,U,U,U,U,U,U,P,P,P,P,0.9997,0.99395,P,0
10,87933061,T,C,I,T,rs1339631701,10,89692818,10,89682798,101,PTEN,ENSG00000171862,ENST00000371953,ENSP00000361021,0.981,0.99874,0.9832664992898416,0.98318,0.9474269,0.96004,0.88152075,0.93668,0.94686496,0.95947,0.8891858,0.94210,-10.969,0.79488,D,0.6021417855022738,0.66923,U,U,U,U,U,U,U,U,U,U,P,0.9953,0.95677,P,0
10,87933073,G,A,C,Y,rs587782343,10,89692830,10,89682810,105,PTEN,ENSG00000171862,ENST00000371953,ENSP00000361021,0.900,0.97210,0.9933133089639271,0.99327,0.9934982,0.99918,0.9892874,0.99973,0.9957995,0.99978,0.986974,0.99951,-15.374,0.96668,D,0.7204060594332806,0.80147,U,U,U,U,U,U,P,P,P,P,P,1.0,0.99952,P,0
10,87933090,T,G,W,G,rs398123321,10,89692847,10,89682827,111,PTEN,ENSG00000171862,ENST00000371953,ENSP00000361021,0.963,0.99463,0.9860104880749314,0.98594,0.99022406,0.99776,0.974865,0.99658,0.99022406,0.99776,0.974865,0.99659,-15.043,0.95952,D,0.6182654481617997,0.68640,U,U,U,U,U,U,U,U,U,P,P,0.9975,0.97009,P,0
10,87933129,T,A,C,S,rs121909223,10,89692886,10,89682866,124,PTEN,ENSG00000171862,ENST00000371953,ENSP00000361021,0.975,0.99762,0.9960321380690526,0.99601,0.97812724,0.98963,0.97569174,0.99687,0.98406386,0.99404,0.97569174,0.99688,-11.873,0.84227,D,0.6969944171693327,0.77547,U,U,U,U,U,U,U,P,P,P,P,0.9995,0.99057,P,0
10,87933135,G,T,A,S,rs1554898129,10,89692892,10,89682872,126,PTEN,ENSG00000171862,ENST00000371953,ENSP00000361021,0.889,0.96799,0.8982268774071941,0.89793,0.953457,0.96618,0.9016872,0.95096,0.95969933,0.97249,0.8911612,0.94350,-10.399,0.76265,D,0.6935958690925158,0.77165,U,U,U,U,U,U,U,P,P,P,P,0.9736,0.89987,P,0
10,87933139,G,A,G,E,rs398123322,10,89692896,10,89682876,127,PTEN,ENSG00000171862,ENST00000371953,ENSP00000361021,0.954,0.99189,0.9962493623666767,0.99622,0.9962804,0.99986,0.992178,0.99991,0.99637526,0.99987,0.99209434,0.99990,-14.5,0.94568,D,0.7111516484259294,0.79139,U,U,U,U,U,U,U,P,P,P,P,1.0,0.99952,P,0
10,87933145,G,A,G,E,rs121909218,10,89692902,10,89682882,129,PTEN,ENSG00000171862,ENST00000371953,ENSP00000361021,0.940,0.98708,0.9981102697957726,0.99810,0.9922173,0.99869,0.9901273,0.99979,0.992623,0.99886,0.9881754,0.99964,-16.43,0.98337,D,0.7298053912915912,0.81142,U,U,U,U,U,U,P,P,P,P,P,0.9999,0.99795,P,0
10,87933148,G,A,R,Q,rs121909229,10,89692905,10,89682885,130,PTEN,ENSG00000171862,ENST00000371953,ENSP00000361021,0.976,0.99783,0.991032371212666,0.99098,0.9907335,0.99801,0.9549508,0.98690,0.9890999,0.99717,0.95755327,0.98839,-13.35,0.90754,D,0.7254342001895163,0.80681,U,U,U,U,U,U,P,P,P,P,P,0.9996,0.99219,P,0
10,87933154,G,A,G,D,rs121909241,10,89692911,10,89682891,132,PTEN,ENSG00000171862,ENST00000371953,ENSP00000361021,0.991,0.99982,0.9988024708430707,0.99879,0.9974269,0.99996,0.9931946,0.99994,0.99693847,0.99993,0.99196273,0.99990,-15.634,0.97160,D,0.7088329761788336,0.78877,U,U,U,U,U,U,U,P,P,P,P,1.0,0.99952,P,0
10,87933165,T,C,C,R,rs786201044,10,89692922,10,89682902,136,PTEN,ENSG00000171862,ENST00000371953,ENSP00000361021,0.991,0.99982,0.9956160187206747,0.99558,0.99658585,0.99989,0.98872256,0.99969,0.9957573,0.99977,0.98796785,0.99962,-16.842,0.98772,D,0.7363636007359555,0.81827,U,U,U,U,U,U,P,P,P,P,P,0.9998,0.99585,P,0
10,87933179,A,T,L,F,rs2132243531,10,89692936,10,89682916,140,PTEN,ENSG00000171862,ENST00000371953,ENSP00000361021,0.767,0.92129,0.9214481741026718,0.92120,0.94531,0.95788,0.89511347,0.94630,0.94531,0.95788,0.89511347,0.94630,-13.56,0.91538,D,0.6216350057273252,0.69007,U,U,U,U,U,U,U,U,U,P,P,0.9915,0.94095,P,0
10,87933223,A,G,Y,C,rs1060500126,10,89692980,10,89682960,155,PTEN,ENSG00000171862,ENST00000371953,ENSP00000361021,0.968,0.99597,0.9944217395278788,0.99439,0.98385954,0.99389,0.9605568,0.99001,0.98387146,0.99390,0.9568562,0.98799,-15.082,0.96041,D,0.72131636573271,0.80244,U,U,U,U,U,U,P,P,P,P,P,0.9967,0.96466,P,0
10,87952119,G,A,G,E,rs786204863,10,89711876,10,89701856,165,PTEN,ENSG00000171862,ENST00000371953,ENSP00000361021,0.960,0.99376,0.9851302848651401,0.98506,0.969696,0.98232,0.94285357,0.97953,0.96543115,0.97822,0.935135,0.97445,-15.366,0.96652,D,0.7138706657450873,0.79437,U,U,U,U,U,U,P,P,P,P,P,0.9999,0.99795,P,0
10,87952134,G,A,S,N,rs876660507,10,89711891,10,89701871,170,PTEN,ENSG00000171862,ENST00000371953,ENSP00000361021,0.866,0.95949,0.9902426161572297,0.99019,0.9063779,0.91960,0.71037656,0.82916,0.9063779,0.91961,0.71037656,0.82917,-14.577,0.94781,D,0.7308679514140953,0.81254,U,U,U,U,U,U,P,P,P,P,P,0.9996,0.99219,P,0
10,87952137,A,G,Q,R,rs786204865,10,89711894,10,89701874,171,PTEN,ENSG00000171862,ENST00000371953,ENSP00000361021,0.975,0.99762,0.9958312599893363,0.99580,0.95636356,0.96911,0.88989824,0.94259,0.9676275,0.98036,0.9159072,0.96109,-16.334,0.98219,D,0.697435314520015,0.77597,U,U,U,U,U,U,U,P,P,P,P,0.9993,0.98765,P,0
10,87952143,G,A,R,H,rs121913294,10,89711900,10,89701880,173,PTEN,ENSG00000171862,ENST00000371953,ENSP00000361021,0.949,0.99024,0.9751913437040056,0.97509,0.8004281,0.83933,0.55921113,0.74499,0.76853704,0.81962,0.5407413,0.73458,-13.697,0.92030,D,0.7186320513710385,0.79955,U,U,U,U,U,U,P,P,P,P,P,0.9951,0.95577,P,0
10,87952145,T,G,Y,D,rs587782316,10,89711902,10,89701882,174,PTEN,ENSG00000171862,ENST00000371953,ENSP00000361021,0.976,0.99783,0.9993839665443184,0.99938,0.97613394,0.98801,0.911497,0.95795,0.97613394,0.98801,0.911497,0.95796,-18.808,0.99772,D,0.6976144289389992,0.77618,U,U,U,U,U,U,U,P,P,P,P,0.9996,0.99219,P,0
10,87952155,A,G,Y,C,rs1564837839,10,89711912,10,89701892,177,PTEN,ENSG00000171862,ENST00000371953,ENSP00000361021,0.970,0.99647,0.9955974966793216,0.99556,0.87115765,0.88953,0.84227335,0.90989,0.8712037,0.88958,0.8183207,0.89432,-15.84,0.97511,D,0.6862870819447565,0.76338,U,U,U,U,U,U,U,P,P,P,P,0.9912,0.93992,P,0
10,87952158,A,G,Y,C,rs786204866,10,89711915,10,89701895,178,PTEN,ENSG00000171862,ENST00000371953,ENSP00000361021,0.943,0.98816,0.9835080432343279,0.98342,0.92597085,0.93835,0.821078,0.89608,0.93612945,0.94854,0.7941399,0.87904,-13.122,0.89858,D,0.6610759278133318,0.73458,U,U,U,U,U,U,U,U,P,P,P,0.9883,0.93093,P,0
10,87957916,G,A,R,Q,rs770025422,10,89717673,10,89707653,233,PTEN,ENSG00000171862,ENST00000371953,ENSP00000361021,0.527,0.80007,0.8711597439171481,0.87081,0.4145291,0.61726,0.1360634,0.32561,0.4145291,0.61727,0.1360634,0.32560,-3.267,0.13315,T,0.2168205031154833,0.29172,U,U,U,U,U,B,B,B,B,B,B,0.3841,0.72557,A,0
10,87957959,A,C,L,F,rs1554825217,10,89717716,10,89707696,247,PTEN,ENSG00000171862,ENST00000371953,ENSP00000361021,0.714,0.89831,0.8828144871172385,0.88249,0.7411891,0.80360,0.43401584,0.66935,0.7411891,0.80362,0.43401584,0.66935,-11.206,0.80775,D,0.2038029324671771,0.27144,U,U,U,U,U,B,B,B,B,B,B,0.9313,0.90590,P,0
10,87957970,G,T,G,V,rs1554825226,10,89717727,10,89707707,251,PTEN,ENSG00000171862,ENST00000371953,ENSP00000361021,0.968,0.99597,0.9859415502764081,0.98587,0.9567958,0.96955,0.87157357,0.92975,0.9567958,0.96956,0.87157357,0.92975,-14.723,0.95170,D,0.6618669916693772,0.73548,U,U,U,U,U,U,U,U,P,P,P,0.9996,0.99795,P,0
10,87960913,G,C,W,S,rs786204875,10,89720670,10,89710650,274,PTEN,ENSG00000171862,ENST00000371953,ENSP00000361021,0.822,0.94315,0.9743240026404031,0.97422,0.98271704,0.99310,0.9115983,0.95802,0.9745105,0.98664,0.9153565,0.96070,-15.447,0.96812,D,0.6430350123342042,0.71403,U,U,U,U,U,U,U,U,P,P,P,0.9914,0.98383,P,0
10,87960922,C,T,T,I,rs398123329,10,89720679,10,89710659,277,PTEN,ENSG00000171862,ENST00000371953,ENSP00000361021,0.988,0.99961,0.9844172344716645,0.98434,0.9015155,0.91519,0.77477777,0.86710,0.89290106,0.90759,0.7917933,0.87758,-13.499,0.91314,D,0.7108532919770718,0.79106,U,U,U,U,U,U,U,P,P,P,P,0.9993,0.99057,P,0
10,87961051,T,C,L,S,rs1114167667,10,89720808,10,89710788,129,PTEN,ENSG00000171862,ENST00000472832,ENSP00000483066,.,0.97700,.,0.95933,.,0.85286,.,0.86548,.,0.86782,.,0.85552,.,0.98491,.,.,0.62147,.,.,.,.,.,.,.,.,.,.,.,0.9994,0.98907,P,0
10,87961095,C,G,R,G,rs121909231,10,89720852,10,89710832,144,PTEN,ENSG00000171862,ENST00000472832,ENSP00000483066,.,0.86333,.,0.74388,.,0.86684,.,0.79675,.,0.86417,.,0.85406,.,0.87237,.,.,0.26240,.,.,.,.,.,.,.,.,.,.,.,0.9853,0.92305,P,0
10,87965296,T,G,Y,D,rs1589669128,10,89725053,10,89715033,346,PTEN,ENSG00000171862,ENST00000371953,ENSP00000361021,0.446,0.74797,0.711756797582291,0.71117,0.55523324,0.70246,0.42548886,0.66356,0.55523324,0.70247,0.42548886,0.66356,-8.647,0.65398,D,0.14500065359059128,0.16611,U,U,U,B,B,B,B,B,B,B,B,0.9766,0.90501,P,0
10,113165574,C,T,R,C,rs1264066389,10,114925333,10,114915323,188,TCF7L2,ENSG00000148737,ENST00000277945,ENSP00000277945,0.837,0.94877,.,0.80398,.,0.72068,.,0.62509,.,0.72069,.,0.62509,.,0.97157,.,.,0.54300,.,.,.,.,.,.,.,.,.,.,.,0.9688,0.89241,P,0
11,108244874,G,C,R,P,rs56123940,11,108115601,11,107620811,250,ATM,ENSG00000149311,ENST00000278616,ENSP00000278616,0.256,0.56694,0.7792282701269935,0.77873,0.34202883,0.56440,0.22525316,0.47464,0.34202883,0.56440,0.22525316,0.47463,-4.372,0.29174,T,0.7562354991151294,0.83819,U,U,U,U,U,U,P,P,P,P,P,.,0.54797,.,0
11,108247071,C,T,R,C,rs138398778,11,108117798,11,107623008,337,ATM,ENSG00000149311,ENST00000278616,ENSP00000278616,0.360,0.68052,0.5720230610844805,0.57130,0.4945085,0.66771,0.2407253,0.49452,0.46533445,0.65004,0.27699184,0.53647,-4.265,0.27683,T,0.8403798053064244,0.90904,U,U,U,U,P,P,P,P,P,P,P,.,0.54739,.,0
11,108289762,G,A,R,Q,rs749770110,11,108160489,11,107665699,135,ATM,ENSG00000149311,ENST00000531525,ENSP00000434327,.,0.79217,.,0.77821,.,0.74722,.,0.57741,.,0.74724,.,0.57741,.,0.09967,.,.,0.59077,.,.,.,.,.,.,.,.,.,.,.,0.5774,0.67944,P,0
11,108345818,C,T,R,C,rs587779872,11,108216545,11,107721755,2832,ATM,ENSG00000149311,ENST00000278616,ENSP00000278616,0.830,0.94616,0.7717944867002516,0.77129,0.8367932,0.86380,0.6100109,0.77316,0.83278495,0.86098,0.6335137,0.78613,-10.168,0.74911,D,0.8152947713590768,0.88941,U,U,U,U,P,P,P,P,P,P,P,.,0.65924,.,0
11,108347318,A,G,N,S,rs587782451,11,108218045,11,107723255,2875,ATM,ENSG00000149311,ENST00000278616,ENSP00000278616,0.895,0.97022,0.9648324961600159,0.96470,0.9017665,0.91542,0.75661886,0.85617,0.9032561,0.91678,0.75822055,0.85714,-13.538,0.91458,D,0.8860303987227411,0.94227,U,P,P,P,P,P,P,P,P,P,P,.,0.97573,.,0
11,108347357,T,C,I,T,rs760955058,11,108218084,11,107723294,2888,ATM,ENSG00000149311,ENST00000278616,ENSP00000278616,0.950,0.99058,0.9497018750062142,0.94953,0.8202924,0.85239,0.6687503,0.80569,0.8202924,0.85240,0.6687503,0.80570,-14.386,0.94243,D,0.8887723603003244,0.94411,U,P,P,P,P,P,P,P,P,P,P,.,0.95023,.,0
11,108347363,T,C,L,P,rs2088565976,11,108218090,11,107723300,2890,ATM,ENSG00000149311,ENST00000278616,ENSP00000278616,0.917,0.97852,0.9523710044479615,0.95221,0.98520327,0.99480,0.90589905,0.95396,0.98520327,0.99480,0.90589905,0.95397,-15.745,0.97354,D,0.8753497205247209,0.93477,U,P,P,P,P,P,P,P,P,P,P,.,0.99219,.,0
11,108365360,G,A,R,H,rs587781894,11,108236087,11,107741297,3008,ATM,ENSG00000149311,ENST00000278616,ENSP00000278616,0.463,0.75956,0.776185188244395,0.77568,0.48095116,0.65958,0.16462925,0.38127,0.5104156,0.67704,0.21510394,0.46085,-10.642,0.77659,D,0.7229197066170059,0.80412,U,U,U,U,U,U,P,P,P,P,P,.,0.77062,.,0
12,45836858,C,T,S,F,rs2138127522,12,46230641,12,44516908,148,ARID2,ENSG00000189079,ENST00000422737,ENSP00000415650,0.619,0.85196,.,0.98734,.,0.82658,.,0.89664,.,0.82660,.,0.89665,.,0.98322,.,.,.,.,.,.,.,.,.,.,.,.,.,.,.,0.99395,.,0
12,45836908,C,T,R,C,rs1424958105,12,46230691,12,44516958,165,ARID2,ENSG00000189079,ENST00000422737,ENSP00000415650,0.531,0.80247,.,0.83301,.,0.61731,.,0.68909,.,0.61731,.,0.68909,.,0.93477,.,.,.,.,.,.,.,.,.,.,.,.,.,.,.,0.91023,.,0
12,49022634,G,A,R,W,rs1565753611,12,49416417,12,47702684,113,KMT2D,ENSG00000167548,ENST00000526209,ENSP00000435714,0.907,0.97474,.,0.95024,.,0.85835,.,0.86755,.,0.85767,.,0.90337,.,0.91053,.,.,.,.,.,.,.,.,.,.,.,.,.,.,0.9904,0.95244,P,0
12,49026430,C,T,R,H,rs267607237,12,49420213,12,47706480,5179,KMT2D,ENSG00000167548,ENST00000301067,ENSP00000301067,0.694,0.88913,0.8463489531108119,0.84595,0.5698873,0.71055,0.39423856,0.64123,0.5317371,0.68930,0.41626593,0.65716,-12.811,0.88569,D,.,.,.,.,.,.,.,.,.,.,.,.,.,0.9324,0.85220,P,0
13,48362848,G,A,R,Q,rs772678500,13,48936984,13,47834985,251,RB1,ENSG00000139687,ENST00000267163,ENSP00000267163,0.588,0.83526,0.4525025178270861,0.45168,0.20779209,0.42996,0.21137053,0.45563,0.20779209,0.42996,0.21137053,0.45562,-4.391,0.29435,T,0.4349747401824899,0.52147,U,U,U,U,U,U,U,U,U,U,B,0.526,0.69767,A,0
13,48456206,A,G,Y,C,.,13,49030342,13,47928343,606,RB1,ENSG00000139687,ENST00000267163,ENSP00000267163,0.759,0.91795,0.5255237448025706,0.52476,0.6183132,0.73673,0.3184543,0.57813,0.6183132,0.73674,0.3184543,0.57812,-9.265,0.69387,D,0.7295904173848686,0.81121,U,U,U,U,U,U,P,P,P,P,P,0.8831,0.84705,P,0
16,3736703,A,G,Y,H,rs2151329435,16,3786704,16,3726705,1048,CREBBP,ENSG00000005339,ENST00000570939,ENSP00000461002,.,0.99545,.,0.98472,.,0.85829,.,0.87866,.,0.85830,.,0.87866,.,0.85055,.,.,0.79646,.,.,.,.,.,.,.,.,.,.,.,0.9986,0.98631,P,0
16,3736704,C,A,W,C,rs2151329444,16,3786705,16,3726706,1047,CREBBP,ENSG00000005339,ENST00000570939,ENSP00000461002,.,0.98886,.,0.99402,.,0.89401,.,0.90389,.,0.89402,.,0.90390,.,0.84236,.,.,0.84801,.,.,.,.,.,.,.,.,.,.,.,0.9997,0.99795,P,0
16,3736714,A,G,L,P,.,16,3786715,16,3726716,1044,CREBBP,ENSG00000005339,ENST00000570939,ENSP00000461002,.,0.99918,.,0.99894,.,0.97620,.,0.98641,.,0.97621,.,0.98641,.,0.87774,.,.,0.81184,.,.,.,.,.,.,.,.,.,.,.,0.9995,0.99795,P,0
16,3736765,T,C,Y,C,rs587783496,16,3786766,16,3726767,1027,CREBBP,ENSG00000005339,ENST00000570939,ENSP00000461002,.,0.99995,.,0.98560,.,0.87025,.,0.86340,.,0.87058,.,0.87467,.,0.92423,.,.,0.84757,.,.,.,.,.,.,.,.,.,.,.,0.9927,0.97084,P,0
16,3736794,C,A,W,C,rs2151330051,16,3786795,16,3726796,1017,CREBBP,ENSG00000005339,ENST00000570939,ENSP00000461002,.,0.98672,.,0.99045,.,0.96543,.,0.94268,.,0.96543,.,0.94268,.,0.91662,.,.,0.77953,.,.,.,.,.,.,.,.,.,.,.,0.9998,0.99795,P,0
16,3738605,A,C,Y,D,rs1555473499,16,3788606,16,3728607,1412,CREBBP,ENSG00000005339,ENST00000382070,ENSP00000371502,0.986,0.99942,.,0.99349,.,0.94913,.,0.97291,.,0.94913,.,0.97292,-15.145,0.96281,D,.,0.85157,.,.,.,.,.,.,.,.,.,.,.,0.9993,0.98907,P,0
16,3738617,G,A,R,C,rs398124146,16,3788618,16,3728619,1408,CREBBP,ENSG00000005339,ENST00000382070,ENSP00000371502,0.952,0.99124,.,0.98407,.,0.73333,.,0.74699,.,0.73334,.,0.74700,-12.979,0.89277,D,.,0.76409,.,.,.,.,.,.,.,.,.,.,.,0.9923,0.95154,P,0
16,3738649,T,C,D,G,rs200207299,16,3788650,16,3728651,1397,CREBBP,ENSG00000005339,ENST00000382070,ENSP00000371502,0.987,0.99952,.,0.99493,.,0.85800,.,0.86539,.,0.85801,.,0.86540,-14.18,0.93898,D,.,0.85358,.,.,.,.,.,.,.,.,.,.,.,0.9993,0.99219,P,0
16,67611509,A,G,Y,C,rs2142826609,16,67645412,16,66202913,226,CTCF,ENSG00000102974,ENST00000264010,ENSP00000264010,0.367,0.68670,.,0.57716,0.5466574,0.69769,0.56271493,0.74695,0.5466574,0.69770,0.56271493,0.74696,-4.564,0.31716,T,.,.,.,.,.,.,.,.,.,.,.,.,.,.,0.82681,.,0
16,67612019,C,T,H,Y,rs2142828496,16,67645922,16,66203423,284,CTCF,ENSG00000102974,ENST00000264010,ENSP00000264010,0.945,0.98886,.,0.99717,0.822651,0.85399,0.74600434,0.84987,0.822651,0.85401,0.74600434,0.84988,-14.018,0.93114,D,.,.,.,.,.,.,.,.,.,.,.,.,.,.,0.99057,.,0
16,67612031,C,G,H,D,.,16,67645934,16,66203435,288,CTCF,ENSG00000102974,ENST00000264010,ENSP00000264010,0.735,0.90764,.,0.99633,0.86293036,0.88309,0.8693676,0.92822,0.86293036,0.88311,0.8693676,0.92823,-15.986,0.97740,D,.,.,.,.,.,.,.,.,.,.,.,.,.,.,0.99795,.,0
16,67616853,C,T,S,F,.,16,67650756,16,66208257,26,CTCF,ENSG00000102974,ENST00000401394,ENSP00000384707,0.434,0.73951,.,0.88876,.,0.83447,.,0.79516,.,0.83448,.,0.79517,-11.393,0.91120,D,.,.,.,.,.,.,.,.,.,.,.,.,.,0.7739,0.87815,P,0
16,67620739,C,T,R,C,rs1555535157,16,67654642,16,66212143,377,CTCF,ENSG00000102974,ENST00000264010,ENSP00000264010,0.517,0.79400,.,0.90823,0.7802717,0.82670,0.7776174,0.86883,0.7802717,0.82672,0.7776174,0.86884,-16.32,0.98201,D,.,.,.,.,.,.,.,.,.,.,.,.,.,.,0.97160,.,0
16,68808730,A,G,Y,C,.,16,68842633,16,67400134,190,CDH1,ENSG00000039068,ENST00000261769,ENSP00000261769,0.902,0.97286,0.9174086890214807,0.91715,0.94501907,0.95758,0.9235215,0.96645,0.94501907,0.95759,0.9235215,0.96645,-14.407,0.94304,D,0.9570602594315936,0.98527,P,P,P,P,P,P,P,P,P,P,P,0.9813,0.91406,P,0
16,68810269,G,A,D,N,rs1555515445,16,68844172,16,67401673,254,CDH1,ENSG00000039068,ENST00000261769,ENSP00000261769,0.764,0.92004,0.8501236074282392,0.84974,0.76787,0.81920,0.52097607,0.72324,0.76787,0.81921,0.52097607,0.72324,-14.354,0.94150,D,0.9865734789035234,0.99649,P,P,P,P,P,P,P,P,P,P,P,0.9602,0.91553,P,0
16,68811714,A,T,D,V,rs2152131924,16,68845617,16,67403118,288,CDH1,ENSG00000039068,ENST00000261769,ENSP00000261769,0.855,0.95544,0.9272673312806596,0.92704,0.99019486,0.99774,0.96159154,0.99057,0.99019486,0.99774,0.96159154,0.99057,-17.156,0.99037,D,0.984730670368591,0.99595,P,P,P,P,P,P,P,P,P,P,P,0.988,0.95290,P,0
16,68811855,G,A,R,Q,rs373364873,16,68845758,16,67403259,335,CDH1,ENSG00000039068,ENST00000261769,ENSP00000261769,0.645,0.86536,0.81551124152954,0.81507,0.94348264,0.95602,0.9062544,0.95422,0.94348264,0.95602,0.9062544,0.95422,-13.266,0.90428,D,0.8240481102984248,0.89641,U,U,U,U,P,P,P,P,P,P,P,0.357,0.59600,A,0
17,7670684,C,G,R,P,rs375338359,17,7574002,17,7514727,183,TP53,ENSG00000141510,ENST00000619186,ENSP00000484375,.,0.86786,.,0.85828,.,0.98658,.,0.94422,.,0.98027,.,0.89511,.,0.69701,.,.,0.82779,.,.,.,.,.,.,.,.,.,.,.,0.9484,0.92043,P,0
17,7670700,G,A,R,C,rs587782529,17,7574018,17,7514743,178,TP53,ENSG00000141510,ENST00000619186,ENSP00000484375,.,0.89877,.,0.65040,.,0.86775,.,0.78739,.,0.77499,.,0.82228,.,0.66198,.,.,0.40344,.,.,.,.,.,.,.,.,.,.,.,0.5488,0.77641,A,0
17,7673535,C,A,Q,H,rs11575996,17,7576853,17,7517578,172,TP53,ENSG00000141510,ENST00000610623,ENSP00000477531,.,0.83193,.,0.47764,.,0.70013,.,0.61094,.,0.70014,.,0.61093,.,0.60742,.,.,0.47489,.,.,.,.,.,.,.,.,.,.,.,0.2852,0.59639,B,0
17,7673703,C,T,R,Q,rs1048095040,17,7577021,17,7517746,147,TP53,ENSG00000141510,ENST00000610623,ENSP00000477531,.,0.92004,.,0.75019,.,0.32299,.,0.25194,.,0.32278,.,0.27857,.,0.69134,.,.,0.51821,.,.,.,.,.,.,.,.,.,.,.,0.3719,0.61161,A,0
17,7673728,C,G,E,Q,rs201744589,17,7577046,17,7517771,139,TP53,ENSG00000141510,ENST00000610623,ENSP00000477531,.,0.46948,.,0.39815,.,0.53446,.,0.13363,.,0.53446,.,0.13362,.,0.26650,.,.,0.22780,.,.,.,.,.,.,.,.,.,.,.,0.0779,0.07412,B,0
17,7673764,C,T,E,K,rs786201059,17,7577082,17,7517807,127,TP53,ENSG00000141510,ENST00000610623,ENSP00000477531,.,0.99024,.,0.93699,.,0.99311,.,0.96273,.,0.98607,.,0.95330,.,0.87800,.,.,0.81711,.,.,.,.,.,.,.,.,.,.,.,0.9437,0.87887,P,0
17,7673767,C,T,E,K,rs112431538,17,7577085,17,7517810,126,TP53,ENSG00000141510,ENST00000610623,ENSP00000477531,.,0.97587,.,0.88064,.,0.99045,.,0.96102,.,0.99032,.,0.93746,.,0.84325,.,.,0.92990,.,.,.,.,.,.,.,.,.,.,.,0.927,0.90239,P,0
17,7673776,G,A,R,W,rs28934574,17,7577094,17,7517819,123,TP53,ENSG00000141510,ENST00000610623,ENSP00000477531,.,0.97060,.,0.83872,.,0.91958,.,0.88134,.,0.90650,.,0.92030,.,0.85717,.,.,0.96296,.,.,.,.,.,.,.,.,.,.,.,0.7726,0.86586,P,0
17,7673777,G,C,D,E,rs1057519984,17,7577095,17,7517820,122,TP53,ENSG00000141510,ENST00000610623,ENSP00000477531,.,0.97549,.,0.85838,.,0.94620,.,0.89871,.,0.94621,.,0.89871,.,0.86901,.,.,0.99162,.,.,.,.,.,.,.,.,.,.,.,0.9963,0.98504,P,0
17,7673781,C,T,R,K,rs121912660,17,7577099,17,7517824,121,TP53,ENSG00000141510,ENST00000610623,ENSP00000477531,.,0.98526,.,0.86465,.,0.98693,.,0.95141,.,0.97852,.,0.96636,.,0.85769,.,.,0.98703,.,.,.,.,.,.,.,.,.,.,.,0.9895,0.95110,P,0
17,7673788,G,A,P,S,rs17849781,17,7577106,17,7517831,119,TP53,ENSG00000141510,ENST00000610623,ENSP00000477531,.,0.99463,.,0.82566,.,0.97728,.,0.97902,.,0.97888,.,0.97876,.,0.83978,.,.,0.90657,.,.,.,.,.,.,.,.,.,.,.,0.9969,0.98157,P,0
17,7673790,C,A,C,F,rs763098116,17,7577108,17,7517833,118,TP53,ENSG00000141510,ENST00000610623,ENSP00000477531,.,0.98415,.,0.90558,.,0.99989,.,0.99871,.,0.99989,.,0.99871,.,0.95058,.,.,0.97393,.,.,.,.,.,.,.,.,.,.,.,0.9813,0.93890,P,0
17,7673796,C,A,C,F,rs863224451,17,7577114,17,7517839,116,TP53,ENSG00000141510,ENST00000610623,ENSP00000477531,.,0.99874,.,0.93482,.,0.99997,.,0.99964,.,0.99990,.,0.99970,.,0.94347,.,.,0.99474,.,.,.,.,.,.,.,.,.,.,.,0.9916,0.97319,P,0
17,7673800,C,A,V,F,rs1057520005,17,7577118,17,7517843,115,TP53,ENSG00000141510,ENST00000610623,ENSP00000477531,.,0.92378,.,0.89440,.,0.99383,.,0.97298,.,0.99679,.,0.97894,.,0.86113,.,.,0.95532,.,.,.,.,.,.,.,.,.,.,.,0.9766,0.94095,P,0
17,7673803,G,A,R,C,rs121913343,17,7577121,17,7517846,114,TP53,ENSG00000141510,ENST00000610623,ENSP00000477531,.,0.97248,.,0.84979,.,0.93391,.,0.92064,.,0.92237,.,0.88776,.,0.81527,.,.,0.91719,.,.,.,.,.,.,.,.,.,.,.,0.9847,0.95290,P,0
17,7673806,C,T,V,M,rs121912657,17,7577124,17,7517849,113,TP53,ENSG00000141510,ENST00000610623,ENSP00000477531,.,0.97474,.,0.77349,.,0.96411,.,0.94025,.,0.96904,.,0.94706,.,0.76294,.,.,0.98687,.,.,.,.,.,.,.,.,.,.,.,0.9545,0.87972,P,0
17,7673809,C,T,E,K,rs1060501191,17,7577127,17,7517852,112,TP53,ENSG00000141510,ENST00000610623,ENSP00000477531,.,0.98526,.,0.80126,.,0.98290,.,0.98626,.,0.98290,.,0.98626,.,0.77704,.,.,0.86785,.,.,.,.,.,.,.,.,.,.,.,0.9041,0.87259,P,0
17,7673810,A,C,F,L,rs1057519987,17,7577128,17,7517853,111,TP53,ENSG00000141510,ENST00000610623,ENSP00000477531,.,0.94503,.,0.58428,.,0.95573,.,0.94819,.,0.96196,.,0.90792,.,0.63311,.,.,0.74541,.,.,.,.,.,.,.,.,.,.,.,0.9908,0.96107,P,0
17,7673821,G,A,R,W,rs55832599,17,7577139,17,7517864,108,TP53,ENSG00000141510,ENST00000610623,ENSP00000477531,.,0.97852,.,0.86522,.,0.98099,.,0.96144,.,0.95839,.,0.94961,.,0.80942,.,.,0.97294,.,.,.,.,.,.,.,.,.,.,.,0.8397,0.89154,P,0
17,7673824,C,G,G,R,rs1057519990,17,7577142,17,7517867,107,TP53,ENSG00000141510,ENST00000610623,ENSP00000477531,.,0.99463,.,0.91863,.,0.99751,.,0.99642,.,0.99740,.,0.98865,.,0.84939,.,.,0.98277,.,.,.,.,.,.,.,.,.,.,.,0.9909,0.98051,P,0
17,7673826,A,G,L,P,rs879253942,17,7577144,17,7517869,106,TP53,ENSG00000141510,ENST00000610623,ENSP00000477531,.,0.98990,.,0.95085,.,0.99884,.,0.99596,.,0.99885,.,0.99527,.,0.76859,.,.,0.99088,.,.,.,.,.,.,.,.,.,.,.,0.985,0.94026,P,0
17,7673835,C,A,G,V,rs1131691025,17,7577153,17,7517878,103,TP53,ENSG00000141510,ENST00000610623,ENSP00000477531,.,0.98304,.,0.86606,.,0.99187,.,0.99115,.,0.99187,.,0.99116,.,0.89352,.,.,0.97860,.,.,.,.,.,.,.,.,.,.,.,0.9636,0.93037,P,0
17,7674188,C,A,D,Y,rs1567548929,17,7577506,17,7518231,100,TP53,ENSG00000141510,ENST00000610623,ENSP00000477531,.,0.90852,.,0.65361,.,0.89185,.,0.70421,.,0.89186,.,0.70421,.,0.88688,.,.,0.68417,.,.,.,.,.,.,.,.,.,.,.,0.8222,0.81697,P,0
17,7674191,C,T,E,K,rs121912652,17,7577509,17,7518234,126,TP53,ENSG00000141510,ENST00000504290,ENSP00000484409,.,0.99405,.,0.95626,.,0.99835,.,0.99814,.,0.99970,.,0.99575,-11.467,0.84886,D,.,0.98417,.,.,.,.,.,.,.,.,.,.,.,0.9788,0.94236,P,0
17,7674193,A,T,L,Q,rs28934577,17,7577511,17,7518236,125,TP53,ENSG00000141510,ENST00000504290,ENSP00000484409,.,0.97814,.,0.95048,.,0.99882,.,0.99512,.,0.99814,.,0.99605,-13.67,0.95684,D,.,0.98767,.,.,.,.,.,.,.,.,.,.,.,0.9865,0.95677,P,0
17,7674200,T,A,I,F,rs1057519995,17,7577518,17,7518243,123,TP53,ENSG00000141510,ENST00000504290,ENSP00000484409,.,0.92868,.,0.59857,.,0.88111,.,0.76835,.,0.87389,.,0.72743,-8.424,0.67446,D,.,0.62161,.,.,.,.,.,.,.,.,.,.,.,0.6203,0.74169,P,0
17,7674202,A,C,I,S,rs1330865474,17,7577520,17,7518245,122,TP53,ENSG00000141510,ENST00000504290,ENSP00000484409,.,0.99157,.,0.95427,.,0.98606,.,0.97704,.,0.98606,.,0.97704,-12.741,0.88268,D,.,0.97883,.,.,.,.,.,.,.,.,.,.,.,0.9868,0.92685,P,0
17,7674212,T,A,I,F,rs730882007,17,7577530,17,7518255,119,TP53,ENSG00000141510,ENST00000504290,ENSP00000484409,.,0.99434,.,0.84272,.,0.95662,.,0.91351,.,0.95663,.,0.91351,-13.742,0.94651,D,.,0.90157,.,.,.,.,.,.,.,.,.,.,.,0.9464,0.88182,P,0
17,7674214,G,A,P,L,rs1064794311,17,7577532,17,7518257,118,TP53,ENSG00000141510,ENST00000504290,ENSP00000484409,.,0.99434,.,0.79063,.,0.95482,.,0.92072,.,0.93626,.,0.91452,-10.058,0.81347,D,.,0.70769,.,.,.,.,.,.,.,.,.,.,.,0.8748,0.88572,P,0
17,7674216,C,A,R,S,rs28934571,17,7577534,17,7518259,117,TP53,ENSG00000141510,ENST00000504290,ENSP00000484409,.,0.92212,.,0.90069,.,0.98790,.,0.88038,.,0.98790,.,0.88039,-12.411,0.91669,D,.,0.88775,.,.,.,.,.,.,.,.,.,.,.,0.9986,0.99057,P,0
17,7674220,C,T,R,Q,rs11540652,17,7577538,17,7518263,116,TP53,ENSG00000141510,ENST00000504290,ENSP00000484409,.,0.98489,.,0.87459,.,0.94495,.,0.91235,.,0.92207,.,0.95481,-12.256,0.90256,D,.,0.51374,.,.,.,.,.,.,.,.,.,.,.,0.9943,0.96223,P,0
17,7674223,T,A,N,I,rs786201762,17,7577541,17,7518266,115,TP53,ENSG00000141510,ENST00000504290,ENSP00000484409,.,0.99157,.,0.89348,.,0.99617,.,0.98736,.,0.99618,.,0.98736,-15.247,0.97786,D,.,0.98207,.,.,.,.,.,.,.,.,.,.,.,0.9915,0.96404,P,0
17,7674227,T,C,M,V,rs483352695,17,7577545,17,7518270,114,TP53,ENSG00000141510,ENST00000504290,ENSP00000484409,.,0.98117,.,0.63686,.,0.99582,.,0.99502,.,0.99017,.,0.99193,-10.116,0.74787,D,.,0.94300,.,.,.,.,.,.,.,.,.,.,.,0.9476,0.89140,P,0
17,7674230,C,T,G,S,rs28934575,17,7577548,17,7518273,113,TP53,ENSG00000141510,ENST00000504290,ENSP00000484409,.,0.98955,.,0.80342,.,0.96388,.,0.93431,.,0.96585,.,0.94016,-10.128,0.77431,D,.,0.69543,.,.,.,.,.,.,.,.,.,.,.,0.9451,0.89971,P,0
17,7674232,C,T,G,D,rs985033810,17,7577550,17,7518275,112,TP53,ENSG00000141510,ENST00000504290,ENSP00000484409,.,0.99157,.,0.83166,.,0.97028,.,0.97223,.,0.97003,.,0.96970,-11.06,0.83913,D,.,0.77724,.,.,.,.,.,.,.,.,.,.,.,0.996,0.98051,P,0
17,7674238,C,A,C,F,rs121912655,17,7577556,17,7518281,110,TP53,ENSG00000141510,ENST00000504290,ENSP00000484409,.,0.99803,.,0.90615,.,0.99987,.,0.99908,.,0.99987,.,0.99908,-11.458,0.91004,D,.,0.99535,.,.,.,.,.,.,.,.,.,.,.,0.9981,0.98907,P,0
17,7674241,G,A,S,F,rs28934573,17,7577559,17,7518284,109,TP53,ENSG00000141510,ENST00000504290,ENSP00000484409,.,0.99315,.,0.90463,.,0.99822,.,0.99254,.,0.99549,.,0.98940,-13.276,0.93433,D,.,0.97908,.,.,.,.,.,.,.,.,.,.,.,0.9981,0.98383,P,0
17,7674247,T,C,N,S,rs1057519999,17,7577565,17,7518290,107,TP53,ENSG00000141510,ENST00000504290,ENSP00000484409,.,0.97097,.,0.59560,.,0.93117,.,0.89977,.,0.94341,.,0.90639,-10.413,0.77191,D,.,0.75031,.,.,.,.,.,.,.,.,.,.,.,0.6796,0.77039,P,0
17,7674250,C,T,C,Y,rs730882005,17,7577568,17,7518293,106,TP53,ENSG00000141510,ENST00000504290,ENSP00000484409,.,0.99284,.,0.94785,.,0.99987,.,0.99963,.,0.99984,.,0.99941,-9.931,0.84808,D,.,0.99311,.,.,.,.,.,.,.,.,.,.,.,0.999,0.99219,P,0
17,7674252,C,A,M,I,rs587782664,17,7577570,17,7518295,105,TP53,ENSG00000141510,ENST00000504290,ENSP00000484409,.,0.98079,.,0.67704,.,0.96040,.,0.94772,.,0.95423,.,0.92955,-8.699,0.68311,D,.,0.88112,.,.,.,.,.,.,.,.,.,.,.,0.9946,0.96466,P,0
17,7674256,T,C,Y,C,rs730882026,17,7577574,17,7518299,104,TP53,ENSG00000141510,ENST00000504290,ENSP00000484409,.,0.93892,.,0.73312,.,0.94548,.,0.89746,.,0.92595,.,0.92526,-9.959,0.76796,D,.,0.69847,.,.,.,.,.,.,.,.,.,.,.,0.945,0.90755,P,0
17,7674262,T,C,Y,C,rs587780073,17,7577580,17,7518305,102,TP53,ENSG00000141510,ENST00000504290,ENSP00000484409,.,0.98886,.,0.68813,.,0.98147,.,0.94447,.,0.97669,.,0.97231,-10.623,0.77845,D,.,0.75573,.,.,.,.,.,.,.,.,.,.,.,0.6852,0.79600,P,0
17,7674268,A,C,I,S,rs587781589,17,7577586,17,7518311,100,TP53,ENSG00000141510,ENST00000504290,ENSP00000484409,.,0.98526,.,0.85691,.,0.97414,.,0.95394,.,0.97414,.,0.95394,-14.582,0.95906,D,.,0.84989,.,.,.,.,.,.,.,.,.,.,.,0.9682,0.92581,P,0
17,7674872,T,C,Y,C,rs121912666,17,7578190,17,7518915,127,TP53,ENSG00000141510,ENST00000514944,ENSP00000423862,0.936,0.98563,.,0.79987,.,0.92353,.,0.97009,.,0.96040,.,0.94471,.,0.75253,.,.,0.93941,.,.,.,.,.,.,.,.,.,.,.,0.8047,0.81858,P,0
17,7674878,A,C,V,G,rs1555525743,17,7578196,17,7518921,125,TP53,ENSG00000141510,ENST00000514944,ENSP00000423862,0.972,0.99695,.,0.88086,.,0.99509,.,0.99096,.,0.99510,.,0.99096,.,0.96371,.,.,0.92768,.,.,.,.,.,.,.,.,.,.,.,0.8412,0.83772,P,0
17,7674885,C,T,V,M,rs730882025,17,7578203,17,7518928,123,TP53,ENSG00000141510,ENST00000514944,ENSP00000423862,0.956,0.99253,.,0.69419,.,0.96015,.,0.91451,.,0.96016,.,0.91452,.,0.78365,.,.,0.94317,.,.,.,.,.,.,.,.,.,.,.,0.9181,0.86107,P,0
17,7674887,C,A,S,I,rs587782177,17,7578205,17,7518930,122,TP53,ENSG00000141510,ENST00000514944,ENSP00000423862,0.913,0.97700,.,0.79597,.,0.99334,.,0.99145,.,0.99607,.,0.99131,.,0.97988,.,.,0.92349,.,.,.,.,.,.,.,.,.,.,.,0.9805,0.91996,P,0
17,7674890,T,C,H,R,rs1057519992,17,7578208,17,7518933,121,TP53,ENSG00000141510,ENST00000514944,ENSP00000423862,0.885,0.96651,.,0.64784,.,0.96530,.,0.90698,.,0.96595,.,0.93258,.,0.75992,.,.,0.85551,.,.,.,.,.,.,.,.,.,.,.,0.9282,0.86504,P,0
17,7674893,C,T,R,Q,rs587778720,17,7578211,17,7518936,120,TP53,ENSG00000141510,ENST00000514944,ENSP00000423862,0.920,0.97965,.,0.78695,.,0.96161,.,0.86238,.,0.95380,.,0.89472,.,0.80285,.,.,0.88917,.,.,.,.,.,.,.,.,.,.,.,0.957,0.87695,P,0
17,7674908,T,A,D,V,rs1464727668,17,7578226,17,7518951,115,TP53,ENSG00000141510,ENST00000514944,ENSP00000423862,0.950,0.99058,.,0.83016,.,0.98060,.,0.96411,.,0.98060,.,0.96411,.,0.93642,.,.,0.86509,.,.,.,.,.,.,.,.,.,.,.,0.9058,0.87270,P,0
17,7674917,T,C,Y,C,rs1057520007,17,7578235,17,7518960,112,TP53,ENSG00000141510,ENST00000514944,ENSP00000423862,0.873,0.96207,.,0.86000,.,0.99565,.,0.96322,.,0.99383,.,0.95133,.,0.80647,.,.,0.94490,.,.,.,.,.,.,.,.,.,.,.,0.9945,0.96936,P,0
17,7674942,C,A,V,L,rs786204041,17,7578260,17,7518985,104,TP53,ENSG00000141510,ENST00000514944,ENSP00000423862,0.730,0.90545,.,0.54250,.,0.91788,.,0.86237,.,0.91789,.,0.86238,.,0.86685,.,.,0.75759,.,.,.,.,.,.,.,.,.,.,.,0.8749,0.85056,P,0
17,7674944,C,G,R,P,rs483352697,17,7578262,17,7518987,103,TP53,ENSG00000141510,ENST00000514944,ENSP00000423862,0.941,0.98744,.,0.94187,.,0.99996,.,0.99950,.,0.99996,.,0.99978,.,0.88341,.,.,0.97766,.,.,.,.,.,.,.,.,.,.,.,0.9977,0.98268,P,0
17,7674947,A,G,I,T,rs760043106,17,7578265,17,7518990,102,TP53,ENSG00000141510,ENST00000514944,ENSP00000423862,0.851,0.95396,.,0.79731,.,0.91884,.,0.90514,.,0.95479,.,0.91111,.,0.90913,.,.,0.98841,.,.,.,.,.,.,.,.,.,.,.,0.9948,0.97319,P,0
17,7674950,A,C,L,R,rs1057519998,17,7578268,17,7518993,101,TP53,ENSG00000141510,ENST00000514944,ENSP00000423862,0.933,0.98452,.,0.90910,.,0.99837,.,0.99623,.,0.99837,.,0.99624,.,0.96716,.,.,0.99103,.,.,.,.,.,.,.,.,.,.,.,0.9885,0.95832,P,0
17,7674953,T,C,H,R,rs786201838,17,7578271,17,7518996,100,TP53,ENSG00000141510,ENST00000514944,ENSP00000423862,0.884,0.96614,.,0.89916,.,0.99617,.,0.99410,.,0.99720,.,0.99570,.,0.80899,.,.,0.98629,.,.,.,.,.,.,.,.,.,.,.,0.9941,0.97573,P,0
17,7674962,G,A,P,L,rs876660825,17,7578280,17,7519005,151,TP53,ENSG00000141510,ENST00000610292,ENSP00000478219,.,0.94390,.,0.51616,.,0.90424,.,0.85222,.,0.90425,.,0.85222,-7.955,0.61179,D,.,0.71026,.,.,.,.,.,.,.,.,.,.,.,.,0.75072,.,0
17,7675071,G,A,R,C,rs587782596,17,7578389,17,7519114,142,TP53,ENSG00000141510,ENST00000610292,ENSP00000478219,.,0.96873,.,0.41970,.,0.81398,.,0.79863,.,0.80671,.,0.74761,-7.244,0.57272,T,.,0.33805,.,.,.,.,.,.,.,.,.,.,.,.,0.76465,.,0
17,7675076,T,C,H,R,rs1057519991,17,7578394,17,7519119,140,TP53,ENSG00000141510,ENST00000610292,ENSP00000478219,.,0.98526,.,0.88423,.,0.99017,.,0.99619,.,0.99017,.,0.99620,-13.334,0.91023,D,.,0.98549,.,.,.,.,.,.,.,.,.,.,.,.,0.97009,.,0
17,7675080,G,C,H,D,rs1064795203,17,7578398,17,7519123,139,TP53,ENSG00000141510,ENST00000610292,ENSP00000478219,.,0.96910,.,0.60564,.,0.99375,.,0.98921,.,0.98769,.,0.98529,-10.514,0.78884,D,.,0.95384,.,.,.,.,.,.,.,.,.,.,.,.,0.98268,.,0
17,7675085,C,A,C,F,rs786202962,17,7578403,17,7519128,137,TP53,ENSG00000141510,ENST00000610292,ENSP00000478219,.,0.99091,.,0.89030,.,0.99997,.,0.99985,.,0.99996,.,0.99985,-13.421,0.91023,D,.,0.98690,.,.,.,.,.,.,.,.,.,.,.,.,0.98383,.,0
17,7675088,C,T,R,H,rs28934578,17,7578406,17,7519131,136,TP53,ENSG00000141510,ENST00000610292,ENSP00000478219,.,0.98041,.,0.78403,.,0.96351,.,0.92648,.,0.96023,.,0.91939,-10.391,0.76218,D,.,0.57747,.,.,.,.,.,.,.,.,.,.,.,.,0.92404,.,0
17,7675095,C,A,V,L,rs876660754,17,7578413,17,7519138,134,TP53,ENSG00000141510,ENST00000610292,ENSP00000478219,.,0.96465,.,0.64711,.,0.98130,.,0.95561,.,0.98925,.,0.95856,-11.188,0.80679,D,.,0.74451,.,.,.,.,.,.,.,.,.,.,.,.,0.95577,.,0
17,7675098,C,A,V,F,rs1131691043,17,7578416,17,7519141,13,TP53,ENSG00000141510,ENST00000610623,ENSP00000477531,.,0.97852,.,0.71843,.,0.98396,.,0.95474,.,0.98621,.,0.95524,.,0.92051,.,.,0.97351,.,.,.,.,.,.,.,.,.,.,.,0.8909,0.86899,P,0
17,7675109,T,C,H,R,rs867114783,17,7578427,17,7519152,129,TP53,ENSG00000141510,ENST00000610292,ENSP00000478219,.,0.82061,.,0.70136,.,0.79119,.,0.88932,.,0.79121,.,0.88933,-11.225,0.80877,D,.,0.89544,.,.,.,.,.,.,.,.,.,.,.,.,0.85575,.,0
17,7675117,C,A,Q,H,.,17,7578435,17,7519160,126,TP53,ENSG00000141510,ENST00000610292,ENSP00000478219,.,0.84183,.,0.45273,.,0.88222,.,0.75995,.,0.88224,.,0.75996,-5.726,0.43924,T,.,0.56939,.,.,.,.,.,.,.,.,.,.,.,.,0.68371,.,0
17,7675122,T,C,K,E,rs879254249,17,7578440,17,7519165,125,TP53,ENSG00000141510,ENST00000610292,ENSP00000478219,.,0.96280,.,0.73987,.,0.95702,.,0.94499,.,0.95702,.,0.94500,-14.323,0.94059,D,.,0.91485,.,.,.,.,.,.,.,.,.,.,.,.,0.94420,.,0
17,7675124,T,C,Y,C,rs148924904,17,7578442,17,7519167,124,TP53,ENSG00000141510,ENST00000610292,ENSP00000478219,.,0.96170,.,0.81470,.,0.97950,.,0.95618,.,0.98824,.,0.96955,-10.736,0.78190,D,.,0.64947,.,.,.,.,.,.,.,.,.,.,.,.,0.92899,.,0
17,7675131,C,T,A,T,rs193920817,17,7578449,17,7519174,122,TP53,ENSG00000141510,ENST00000610292,ENSP00000478219,.,0.93068,.,0.59058,.,0.88296,.,0.83954,.,0.88298,.,0.83955,-6.828,0.62385,T,.,0.94449,.,.,.,.,.,.,.,.,.,.,.,.,0.90273,.,0
17,7675136,G,A,A,V,rs1555526131,17,7578454,17,7519179,120,TP53,ENSG00000141510,ENST00000610292,ENSP00000478219,.,0.92419,.,0.50458,.,0.85736,.,0.87186,.,0.85738,.,0.87187,-8.133,0.65955,D,.,0.49299,.,.,.,.,.,.,.,.,.,.,.,.,0.72486,.,0
17,7675139,C,A,R,L,rs587782144,17,7578457,17,7519182,119,TP53,ENSG00000141510,ENST00000610292,ENSP00000478219,.,0.96873,.,0.87302,.,0.99102,.,0.94652,.,0.99289,.,0.95276,-11.75,0.85301,D,.,0.93852,.,.,.,.,.,.,.,.,.,.,.,.,0.93727,.,0
17,7675143,C,A,V,F,rs121912654,17,7578461,17,7519186,118,TP53,ENSG00000141510,ENST00000610292,ENSP00000478219,.,0.89559,.,0.73295,.,0.95774,.,0.82027,.,0.95392,.,0.83024,-11.772,0.84739,D,.,0.92060,.,.,.,.,.,.,.,.,.,.,.,.,0.85851,.,0
17,7675148,G,T,T,N,rs786202752,17,7578466,17,7519191,116,TP53,ENSG00000141510,ENST00000610292,ENSP00000478219,.,0.81252,.,0.44918,.,0.83203,.,0.84940,.,0.91823,.,0.79386,-12.94,0.89483,D,.,0.91892,.,.,.,.,.,.,.,.,.,.,.,.,0.77094,.,0
17,7675151,C,A,G,V,rs762846821,17,7578469,17,7519194,115,TP53,ENSG00000141510,ENST00000610292,ENSP00000478219,.,0.91583,.,0.69084,.,0.98051,.,0.96042,.,0.96440,.,0.93889,-12.403,0.87260,D,.,0.92002,.,.,.,.,.,.,.,.,.,.,.,.,0.77195,.,0
17,7675157,G,A,P,L,rs587782705,17,7578475,17,7519200,113,TP53,ENSG00000141510,ENST00000610292,ENSP00000478219,.,0.96391,.,0.71513,.,0.96223,.,0.94455,.,0.95383,.,0.93336,-9.272,0.70467,D,.,0.82233,.,.,.,.,.,.,.,.,.,.,.,.,0.64192,.,0
17,7675161,G,A,P,S,rs28934874,17,7578479,17,7519204,112,TP53,ENSG00000141510,ENST00000610292,ENSP00000478219,.,0.97135,.,0.65999,.,0.96974,.,0.94629,.,0.97144,.,0.93746,-11.599,0.83732,D,.,0.84951,.,.,.,.,.,.,.,.,.,.,.,.,0.89954,.,0
17,7675174,C,G,W,C,rs1131691026,17,7578492,17,7519217,107,TP53,ENSG00000141510,ENST00000610292,ENSP00000478219,.,0.85718,.,0.57670,.,0.81889,.,0.61601,.,0.81891,.,0.61600,-6.802,0.52574,T,.,0.88006,.,.,.,.,.,.,.,.,.,.,.,.,0.86494,.,0
17,7675181,T,G,Q,P,rs786203071,17,7578499,17,7519224,105,TP53,ENSG00000141510,ENST00000610292,ENSP00000478219,.,0.93504,.,0.86937,.,0.98955,.,0.96768,.,0.98955,.,0.96768,-13.796,0.93635,D,.,0.92588,.,.,.,.,.,.,.,.,.,.,.,.,0.91793,.,0
17,7675185,C,T,V,M,rs587782620,17,7578503,17,7519228,104,TP53,ENSG00000141510,ENST00000610292,ENSP00000478219,.,0.87234,.,0.56807,.,0.75986,.,0.74777,.,0.77207,.,0.77379,-9.682,0.73106,D,.,0.75712,.,.,.,.,.,.,.,.,.,.,.,.,0.81404,.,0
17,7675190,C,T,C,Y,rs587781288,17,7578508,17,7519233,102,TP53,ENSG00000141510,ENST00000610292,ENSP00000478219,.,0.97097,.,0.76799,.,0.99867,.,0.99819,.,0.99870,.,0.99701,-10.435,0.76473,D,.,0.98645,.,.,.,.,.,.,.,.,.,.,.,.,0.94980,.,0
17,7675206,G,C,Q,E,rs1555526268,17,7578524,17,7519249,125,TP53,ENSG00000141510,ENST00000615910,ENSP00000482903,.,0.95802,.,0.61615,.,0.98641,.,0.97609,.,0.98641,.,0.97609,.,0.88289,.,.,0.91960,.,.,.,.,.,.,.,.,.,.,.,0.4885,0.80659,A,0
17,7675208,C,T,C,Y,rs587781991,17,7578526,17,7519251,124,TP53,ENSG00000141510,ENST00000615910,ENSP00000482903,.,0.99221,.,0.82904,.,0.99991,.,0.99917,.,0.99980,.,0.99879,.,0.91652,.,.,0.99124,.,.,.,.,.,.,.,.,.,.,.,0.9893,0.98383,P,0
17,7675210,A,C,F,L,rs1555526278,17,7578528,17,7519253,123,TP53,ENSG00000141510,ENST00000615910,ENSP00000482903,.,0.96170,.,0.69483,.,0.97626,.,0.96512,.,0.97626,.,0.96513,.,0.70896,.,.,0.94965,.,.,.,.,.,.,.,.,.,.,.,0.9981,0.99585,P,0
17,7675214,A,T,M,K,rs28934873,17,7578532,17,7519257,1,TP53,ENSG00000141510,ENST00000504290,ENSP00000484409,.,0.95175,.,0.83383,.,0.98563,.,0.98347,.,0.98563,.,0.98348,-4.142,0.60551,T,.,0.62540,.,.,.,.,.,.,.,.,.,.,.,.,0.91490,.,0
17,7675216,C,A,.,.,rs866775781,17,7578534,17,7519259,-1,TP53,ENSG00000141510,ENST00000604348,ENSP00000473895,.,.,.,.,.,.,.,.,.,.,.,.,.,.,.,.,.,.,.,.,.,.,.,.,.,.,.,.,.,.,.,0
17,7675220,T,A,N,I,rs1131691037,17,7578538,17,7519263,120,TP53,ENSG00000141510,ENST00000615910,ENSP00000482903,.,0.98672,.,0.73405,.,0.97768,.,0.96708,.,0.97644,.,0.96553,.,0.88076,.,.,0.96892,.,.,.,.,.,.,.,.,.,.,.,0.9224,0.91726,P,0
17,7675224,G,C,L,V,rs863224683,17,7578542,17,7519267,119,TP53,ENSG00000141510,ENST00000615910,ENSP00000482903,.,0.96725,.,0.50576,.,0.84395,.,0.79608,.,0.84397,.,0.79608,.,0.64217,.,.,0.88124,.,.,.,.,.,.,.,.,.,.,.,0.4305,0.74139,A,0
17,7675232,G,A,S,F,rs730881999,17,7578550,17,7519275,116,TP53,ENSG00000141510,ENST00000615910,ENSP00000482903,.,0.98154,.,0.87551,.,0.99017,.,0.97956,.,0.99017,.,0.97957,.,0.92923,.,.,0.93410,.,.,.,.,.,.,.,.,.,.,.,0.9231,0.96661,P,0
17,7675235,T,C,Y,C,rs1555526335,17,7578553,17,7519278,115,TP53,ENSG00000141510,ENST00000615910,ENSP00000482903,.,0.99874,.,0.84471,.,0.99642,.,0.98958,.,0.99510,.,0.98013,.,0.84428,.,.,0.94613,.,.,.,.,.,.,.,.,.,.,.,0.7632,0.89696,P,0
17,7675995,G,A,T,M,rs786201057,17,7579313,17,7520038,125,TP53,ENSG00000141510,ENST00000269305,ENSP00000269305,0.925,0.98154,0.5756093827345876,0.57489,0.93796724,0.95040,0.86945593,0.92829,0.93796724,0.95040,0.86945593,0.92829,-10.161,0.75324,D,0.4874151450166442,0.56492,U,U,U,U,U,U,U,U,U,U,U,0.96,0.91102,P,0
17,7676011,T,C,K,E,rs121912658,17,7579329,17,7520054,120,TP53,ENSG00000141510,ENST00000269305,ENSP00000269305,0.925,0.98154,0.8120749415288763,0.81163,0.9847424,0.99450,0.969736,0.99453,0.9847424,0.99450,0.969736,0.99454,-13.476,0.92094,D,0.955374213807056,0.98452,P,P,P,P,P,P,P,P,P,P,P,0.9978,0.99057,P,0
17,7676031,A,C,F,C,rs1567555667,17,7579349,17,7520074,113,TP53,ENSG00000141510,ENST00000269305,ENSP00000269305,0.952,0.99124,0.8240918629353516,0.82367,0.96729225,0.98004,0.88581735,0.93971,0.96729225,0.98004,0.88581735,0.93971,-12.704,0.88488,D,0.8176342262231683,0.89130,U,U,U,U,P,P,P,P,P,P,P,0.9676,0.95528,P,0
17,7676037,A,G,L,P,rs1057519997,17,7579355,17,7520080,111,TP53,ENSG00000141510,ENST00000269305,ENSP00000269305,0.864,0.95876,0.9474194362121966,0.94724,0.9897681,0.99752,0.95875275,0.98904,0.9897681,0.99752,0.95875275,0.98904,-11.542,0.85350,D,0.9714580483657302,0.99128,P,P,P,P,P,P,P,P,P,P,P,0.9589,0.91596,P,0
17,7676043,A,G,F,S,rs1064796722,17,7579361,17,7520086,109,TP53,ENSG00000141510,ENST00000269305,ENSP00000269305,0.952,0.99124,0.9375601604854322,0.93736,0.9922455,0.99870,0.973091,0.99592,0.9922455,0.99870,0.973091,0.99593,-13.81,0.93512,D,0.9701680683359806,0.99078,P,P,P,P,P,P,P,P,P,P,P,0.9989,0.98383,P,0
17,7676050,A,C,Y,D,rs368771578,17,7579368,17,7520093,107,TP53,ENSG00000141510,ENST00000269305,ENSP00000269305,0.893,0.96947,0.8422497017400501,0.84184,0.9452728,0.95785,0.90030974,0.94998,0.9452728,0.95785,0.90030974,0.94999,-10.127,0.76697,D,0.8750643991620349,0.93457,U,P,P,P,P,P,P,P,P,P,P,0.8303,0.80444,P,0
17,7676056,C,A,G,C,rs1060501195,17,7579374,17,7520099,105,TP53,ENSG00000141510,ENST00000269305,ENSP00000269305,0.942,0.98780,0.8748764772636227,0.87454,0.98542434,0.99495,0.9158935,0.96108,0.9846502,0.99444,0.8985304,0.94872,-11.003,0.81521,D,0.9176000600854548,0.96342,P,P,P,P,P,P,P,P,P,P,P,0.9888,0.93238,P,0
17,7676057,C,A,Q,H,rs745692731,17,7579375,17,7520100,104,TP53,ENSG00000141510,ENST00000269305,ENSP00000269305,0.336,0.65816,0.35793800847651236,0.35707,0.3727938,0.58791,0.19846186,0.43681,0.3727938,0.58791,0.19846186,0.43680,-5.913,0.47363,T,0.1128125401330935,0.09801,U,B,B,B,B,B,B,B,B,B,B,0.0756,0.26638,B,0
17,12081466,G,A,R,Q,rs2151548723,17,11984783,17,11925508,110,MAP2K4,ENSG00000065559,ENST00000353533,ENSP00000262445,0.377,0.69527,.,0.57392,0.80066156,0.83948,0.68099755,0.81255,0.80066156,0.83949,0.68099755,0.81256,-11.439,0.82997,D,.,.,.,.,.,.,.,.,.,.,.,.,.,0.858,0.80959,P,0
17,12095581,C,T,R,W,rs375500789,17,11998898,17,11939623,134,MAP2K4,ENSG00000065559,ENST00000353533,ENSP00000262445,0.475,0.76751,.,0.85428,0.95383924,0.96656,0.92992616,0.97089,0.95383924,0.96657,0.92992616,0.97089,-15.331,0.96581,D,.,.,.,.,.,.,.,.,.,.,.,.,.,0.9927,0.94534,P,0
17,12107827,C,T,S,L,rs2151573007,17,12011144,17,11951869,184,MAP2K4,ENSG00000065559,ENST00000353533,ENSP00000262445,0.664,0.87479,.,0.85178,0.97695357,0.98869,0.9627137,0.99115,0.97695357,0.98869,0.9627137,0.99116,-14.159,0.93562,D,.,.,.,.,.,.,.,.,.,.,.,.,.,0.9973,0.97084,P,0
17,31206298,G,A,R,Q,rs1466678870,17,29533316,17,26557442,106,NF1,ENSG00000196712,ENST00000456735,ENSP00000389907,0.678,0.88157,.,0.93984,.,0.71520,.,0.65103,.,0.71522,.,0.65103,.,0.55882,.,.,0.70654,.,.,.,.,.,.,.,.,.,.,.,0.4222,0.67798,A,0
17,31206361,G,A,R,Q,rs1555611606,17,29533379,17,26557505,127,NF1,ENSG00000196712,ENST00000456735,ENSP00000389907,0.525,0.79886,.,0.62290,.,0.70749,.,0.58793,.,0.70750,.,0.58792,.,0.10966,.,.,0.62397,.,.,.,.,.,.,.,.,.,.,.,0.1724,0.54477,B,0
17,31327839,G,A,R,Q,rs786202112,17,29654857,17,26678983,1515,NF1,ENSG00000196712,ENST00000456735,ENSP00000389907,0.666,0.87576,.,0.96693,.,0.80928,.,0.81838,.,0.80670,.,0.79440,.,0.87997,.,.,.,.,.,.,.,.,.,.,.,.,.,.,0.9952,0.95627,P,0
17,31350210,G,A,R,Q,rs533110479,17,29677228,17,26701354,2095,NF1,ENSG00000196712,ENST00000456735,ENSP00000389907,0.367,0.68670,.,0.53856,.,0.68340,.,0.61122,.,0.68341,.,0.61122,.,0.12432,.,.,0.22671,.,.,.,.,.,.,.,.,.,.,.,0.5599,0.69263,A,0
17,39511531,G,A,R,H,rs2146371604,17,37667784,17,34921310,889,CDK12,ENSG00000167258,ENST00000584632,ENSP00000464641,.,0.76881,.,0.67956,.,0.76257,.,0.73656,.,0.76258,.,0.73657,.,0.84607,.,.,.,.,.,.,.,.,.,.,.,.,.,.,0.9617,0.89510,P,0
17,58371029,T,C,H,R,.,17,56448390,17,53803389,86,RNF43,ENSG00000108375,ENST00000407977,ENSP00000385328,0.465,0.76089,.,0.83885,0.8714536,0.88977,0.77877414,0.86954,0.8714536,0.88978,0.77877414,0.86955,-9.856,0.73045,D,.,.,.,.,.,.,.,.,.,.,.,.,.,.,0.97755,.,0
18,51048720,A,G,Y,C,rs1460631652,18,48575090,18,46829088,95,SMAD4,ENSG00000141646,ENST00000342988,ENSP00000341551,0.841,0.95026,0.9451298227092235,0.94494,0.9566509,0.96940,0.89197546,0.94407,0.9566509,0.96940,0.89197546,0.94407,-14.549,0.94704,D,0.7165551236628851,0.79727,U,U,U,U,U,U,P,P,P,P,P,0.9955,0.98157,P,0
18,51048789,C,T,A,V,rs2144405775,18,48575159,18,46829157,118,SMAD4,ENSG00000141646,ENST00000342988,ENSP00000341551,0.873,0.96207,0.9197155438596017,0.91947,0.8125743,0.84724,0.68108046,0.81259,0.8125743,0.84725,0.68108046,0.81260,-14.482,0.94518,D,0.7024646586621668,0.78162,U,U,U,U,U,U,U,P,P,P,P,0.996,0.99057,P,0
18,51065455,G,A,E,K,rs377767342,18,48591825,18,46845823,234,SMAD4,ENSG00000141646,ENST00000588745,ENSP00000464901,.,0.99671,.,0.99559,.,0.94643,.,0.91838,.,0.91824,.,0.90328,.,0.98100,.,.,0.80425,.,.,.,.,.,.,.,.,.,.,.,0.9997,0.99395,P,0
18,51065518,G,T,D,Y,rs1057519739,18,48591888,18,46845886,255,SMAD4,ENSG00000141646,ENST00000588745,ENSP00000464901,.,0.99762,.,0.97761,.,0.99493,.,0.99289,.,0.99493,.,0.99290,.,0.93883,.,.,0.80346,.,.,.,.,.,.,.,.,.,.,.,0.9998,0.99585,P,0
18,51065522,G,A,G,E,rs377767345,18,48591892,18,46845890,256,SMAD4,ENSG00000141646,ENST00000588745,ENSP00000464901,.,0.99995,.,0.98112,.,0.97360,.,0.97960,.,0.96703,.,0.96067,.,0.93867,.,.,0.81122,.,.,.,.,.,.,.,.,.,.,.,1.0,0.99952,P,0
18,51065524,T,A,Y,N,rs2144447180,18,48591894,18,46845892,257,SMAD4,ENSG00000141646,ENST00000588745,ENSP00000464901,.,0.98154,.,0.90385,.,0.98420,.,0.98509,.,0.98420,.,0.98510,.,0.92667,.,.,0.76890,.,.,.,.,.,.,.,.,.,.,.,0.9952,0.95627,P,0
18,51065531,A,G,D,G,.,18,48591901,18,46845899,259,SMAD4,ENSG00000141646,ENST00000588745,ENSP00000464901,.,0.99931,.,0.90794,.,0.94508,.,0.94979,.,0.94509,.,0.94980,.,0.95078,.,.,0.78090,.,.,.,.,.,.,.,.,.,.,.,0.9991,0.98907,P,0
18,51065534,C,T,P,L,rs2144447281,18,48591904,18,46845902,260,SMAD4,ENSG00000141646,ENST00000588745,ENSP00000464901,.,0.99597,.,0.88826,.,0.96650,.,0.94181,.,0.96651,.,0.94182,.,0.87941,.,.,0.78419,.,.,.,.,.,.,.,.,.,.,.,0.9962,0.96728,P,0
18,51065549,G,A,R,H,rs377767347,18,48591919,18,46845917,265,SMAD4,ENSG00000141646,ENST00000588745,ENSP00000464901,.,0.99221,.,0.90644,.,0.94008,.,0.95443,.,0.90360,.,0.96125,.,0.82393,.,.,0.79447,.,.,.,.,.,.,.,.,.,.,.,0.9906,0.93924,P,0
18,51065555,G,T,C,F,.,18,48591925,18,46845923,267,SMAD4,ENSG00000141646,ENST00000588745,ENSP00000464901,.,0.99840,.,0.98767,.,0.98902,.,0.98695,.,0.98902,.,0.98695,.,0.96009,.,.,0.80076,.,.,.,.,.,.,.,.,.,.,.,0.9997,0.99395,P,0
18,51067036,G,A,G,D,rs121912580,18,48593406,18,46847404,290,SMAD4,ENSG00000141646,ENST00000588745,ENSP00000464901,.,0.99942,.,0.99568,.,0.98545,.,0.98384,.,0.98714,.,0.97598,.,0.94220,.,.,0.80094,.,.,.,.,.,.,.,.,.,.,.,0.9999,0.99952,P,0
18,51067134,G,T,G,W,.,18,48593504,18,46847502,323,SMAD4,ENSG00000141646,ENST00000588745,ENSP00000464901,.,0.99762,.,0.93570,.,0.91244,.,0.93507,.,0.91245,.,0.93507,.,0.98210,.,.,0.78096,.,.,.,.,.,.,.,.,.,.,.,0.9989,0.99585,P,0
18,51076663,G,A,R,Q,rs2144473638,18,48603033,18,46857031,34,SMAD4,ENSG00000141646,ENST00000593223,ENSP00000466118,.,0.79643,.,0.86823,.,0.69680,.,0.64915,.,0.69681,.,0.64915,.,0.68063,.,.,0.21916,.,.,.,.,.,.,.,.,.,.,.,0.1656,0.50988,B,0
18,51078285,G,A,D,N,rs121912578,18,48604655,18,46858653,397,SMAD4,ENSG00000141646,ENST00000588745,ENSP00000464901,.,0.93504,.,0.91707,.,0.93352,.,0.89195,.,0.93353,.,0.89195,.,0.92125,.,.,0.77923,.,.,.,.,.,.,.,.,.,.,.,0.9987,0.98051,P,0
18,51078336,G,A,G,R,.,18,48604706,18,46858704,414,SMAD4,ENSG00000141646,ENST00000588745,ENSP00000464901,.,0.99463,.,0.99003,.,0.95468,.,0.99181,.,0.95468,.,0.99181,.,0.91850,.,.,0.76740,.,.,.,.,.,.,.,.,.,.,.,1.0,0.99952,P,0
18,51078380,G,C,W,C,rs1568211588,18,48604750,18,46858748,428,SMAD4,ENSG00000141646,ENST00000588745,ENSP00000464901,.,0.98452,.,0.99674,.,0.99194,.,0.98983,.,0.99194,.,0.98983,.,0.93746,.,.,0.80518,.,.,.,.,.,.,.,.,.,.,.,0.9998,0.99795,P,0
18,51078384,G,A,E,K,rs2144479125,18,48604754,18,46858752,430,SMAD4,ENSG00000141646,ENST00000588745,ENSP00000464901,.,0.99221,.,0.99812,.,0.95592,.,0.95875,.,0.95592,.,0.95875,.,0.92375,.,.,0.79363,.,.,.,.,.,.,.,.,.,.,.,0.9993,0.98907,P,0
18,51078409,A,C,Q,P,.,18,48604779,18,46858777,438,SMAD4,ENSG00000141646,ENST00000588745,ENSP00000464901,.,0.98886,.,0.99593,.,0.97655,.,0.96655,.,0.97655,.,0.96656,.,0.94989,.,.,0.80087,.,.,.,.,.,.,.,.,.,.,.,0.9994,0.99585,P,0
18,51078415,T,C,L,P,.,18,48604785,18,46858783,440,SMAD4,ENSG00000141646,ENST00000588745,ENSP00000464901,.,0.99740,.,0.99851,.,0.98340,.,0.98626,.,0.98341,.,0.98627,.,0.97173,.,.,0.79824,.,.,.,.,.,.,.,.,.,.,.,0.9999,0.99952,P,0
18,51078418,A,G,D,G,rs1555687605,18,48604788,18,46858786,441,SMAD4,ENSG00000141646,ENST00000588745,ENSP00000464901,.,0.99597,.,0.98754,.,0.98295,.,0.94717,.,0.97877,.,0.97311,.,0.90514,.,.,0.80601,.,.,.,.,.,.,.,.,.,.,.,0.999,0.99219,P,0
19,1220401,G,C,E,Q,rs1359582062,19,1220400,19,1171400,107,STK11,ENSG00000118046,ENST00000585851,ENSP00000467912,.,0.75415,.,0.75216,.,0.86283,.,0.80775,.,0.86285,.,0.80776,.,0.55875,.,.,0.35773,.,.,.,.,.,.,.,.,.,.,.,0.3837,0.63239,A,0
19,1220444,C,T,P,L,rs786202466,19,1220443,19,1171443,121,STK11,ENSG00000118046,ENST00000585851,ENSP00000467912,.,0.91285,.,0.97617,.,0.97451,.,0.89966,.,0.97451,.,0.89967,.,0.65850,.,.,0.83288,.,.,.,.,.,.,.,.,.,.,.,0.9933,0.94772,P,0
19,1220450,A,T,N,I,rs886037859,19,1220449,19,1171449,123,STK11,ENSG00000118046,ENST00000585851,ENSP00000467912,.,0.96688,.,0.99627,.,0.99940,.,0.99602,.,0.99940,.,0.99603,.,0.98145,.,.,0.83095,.,.,.,.,.,.,.,.,.,.,.,0.9987,0.98268,P,0
19,1220488,G,T,D,Y,rs121913315,19,1220487,19,1171487,136,STK11,ENSG00000118046,ENST00000585851,ENSP00000467912,.,0.98304,.,0.99796,.,0.99847,.,0.99693,.,0.99850,.,0.99558,.,0.88921,.,.,0.83817,.,.,.,.,.,.,.,.,.,.,.,0.9986,0.98157,P,0
19,1220495,G,T,G,V,rs1057519858,19,1220494,19,1171494,138,STK11,ENSG00000118046,ENST00000585851,ENSP00000467912,.,0.99405,.,0.99354,.,0.99887,.,0.99638,.,0.99923,.,0.99489,.,0.90845,.,.,0.82187,.,.,.,.,.,.,.,.,.,.,.,0.9982,0.97573,P,0
19,1220630,C,T,S,F,rs1057520017,19,1220629,19,1171629,216,STK11,ENSG00000118046,ENST00000326873,ENSP00000324856,0.954,0.99189,0.9834345196813283,0.98335,0.9572077,0.96997,0.93840355,0.97663,0.964806,0.97760,0.9480941,0.98283,-16.417,0.98321,D,0.7216564551053871,0.80280,U,U,U,U,U,U,P,P,P,P,P,0.9988,0.98157,P,0
19,1220642,A,C,Q,P,.,19,1220641,19,1171641,220,STK11,ENSG00000118046,ENST00000326873,ENSP00000324856,0.794,0.93227,0.9906180420987685,0.99056,0.9917979,0.99851,0.949838,0.98390,0.9917979,0.99851,0.949838,0.98390,-18.547,0.99709,D,0.756957827343985,0.83890,U,U,U,U,U,U,P,P,P,P,P,0.9968,0.96661,P,0
19,1220645,C,T,P,L,rs1167609100,19,1220644,19,1171644,221,STK11,ENSG00000118046,ENST00000326873,ENSP00000324856,0.847,0.95249,0.9868392840130711,0.98676,0.9883499,0.99674,0.93957067,0.97739,0.9883499,0.99674,0.93957067,0.97740,-15.57,0.97044,D,0.7135748597287419,0.79404,U,U,U,U,U,U,U,P,P,P,P,0.9943,0.95995,P,0
19,1220650,G,A,E,K,rs1060499964,19,1220649,19,1171649,223,STK11,ENSG00000118046,ENST00000326873,ENSP00000324856,0.955,0.99221,0.9990369502468774,0.99902,0.99269015,0.99888,0.95933616,0.98936,0.99269015,0.99889,0.95933616,0.98936,-13.917,0.92784,D,0.7619560316551708,0.84369,U,U,U,U,U,P,P,P,P,P,P,0.9976,0.97755,P,0
19,1220700,G,T,W,C,rs137853082,19,1220699,19,1171699,239,STK11,ENSG00000118046,ENST00000326873,ENSP00000324856,0.859,0.95691,0.9971061135047771,0.99708,0.9951443,0.99965,0.96602803,0.99282,0.99476516,0.99956,0.96853817,0.99401,-12.19,0.85764,D,0.7499055388097324,0.83199,U,U,U,U,U,U,P,P,P,P,P,0.9993,0.98907,P,0
19,1220708,G,T,G,V,rs1568708382,19,1220707,19,1171707,242,STK11,ENSG00000118046,ENST00000326873,ENSP00000324856,0.970,0.99647,0.9944453293099145,0.99441,0.99242675,0.99878,0.9793118,0.99800,0.99359083,0.99921,0.97539854,0.99677,-9.041,0.67961,D,0.758149999373688,0.84005,U,U,U,U,U,U,P,P,P,P,P,0.9989,0.98765,P,0
19,1221230,G,T,G,V,.,19,1221229,19,1172229,251,STK11,ENSG00000118046,ENST00000326873,ENSP00000324856,0.872,0.96170,0.9178349989353614,0.91759,0.9905005,0.99790,0.95901227,0.98919,0.9905005,0.99790,0.95901227,0.98919,-13.132,0.89899,D,0.7301837463073486,0.81181,U,U,U,U,U,U,P,P,P,P,P,0.9861,0.93416,P,0
19,1222987,G,T,W,L,rs864622488,19,1222986,19,1173986,308,STK11,ENSG00000118046,ENST00000326873,ENSP00000324856,0.781,0.92705,0.8893906656017434,0.88909,0.9744484,0.98659,0.9016322,0.95092,0.9597877,0.97258,0.9254765,0.96781,-13.262,0.90413,D,0.7464110186236044,0.82851,U,U,U,U,U,U,P,P,P,P,P,0.9864,0.93695,P,0
2,25234373,C,T,R,H,rs147001633,2,25457242,2,25310746,659,DNMT3A,ENSG00000119772,ENST00000402667,ENSP00000384237,0.742,0.91069,.,0.57671,.,0.86526,.,0.83164,.,0.86527,.,0.83165,.,0.90792,.,.,0.68793,.,.,.,.,.,.,.,.,.,.,.,0.9912,0.95677,P,0
2,201276863,C,T,R,W,rs760898260,2,202141586,2,201849831,115,CASP8,ENSG00000064012,ENST00000450491,ENSP00000391709,0.530,0.80188,.,0.89094,.,0.90668,.,0.90239,.,0.90669,.,0.90240,.,0.76726,.,.,0.98868,.,.,.,.,.,.,.,.,.,.,.,0.4072,0.72955,A,0
2,201285308,G,A,R,Q,rs1167464002,2,202150031,2,201858276,211,CASP8,ENSG00000064012,ENST00000444430,ENSP00000394434,0.142,0.37995,.,0.70767,.,0.33658,.,0.26928,.,0.33657,.,0.26927,.,0.49649,.,.,0.90728,.,.,.,.,.,.,.,.,.,.,.,0.2376,0.47139,B,0
2,224506991,A,C,M,R,.,2,225371708,2,225079952,233,CUL3,ENSG00000036257,ENST00000344951,ENSP00000343601,0.948,0.98990,.,0.96758,.,0.99861,.,0.99908,.,0.99861,.,0.99908,-14.139,0.95461,D,.,0.96343,.,.,.,.,.,.,.,.,.,.,.,0.9888,0.94457,P,0
21,34859485,C,T,R,Q,rs74315450,21,36231782,21,35153652,174,RUNX1,ENSG00000159216,ENST00000344691,ENSP00000340690,0.940,0.98708,.,0.86197,0.70516175,0.78340,0.5565284,0.74349,0.67767984,0.76845,0.55404824,0.74210,-14.068,0.93275,D,0.9273669683949964,0.96968,P,P,P,P,P,P,P,P,P,P,P,0.9998,0.99585,P,0
21,34880581,T,C,R,G,rs1057519751,21,36252878,21,35174748,135,RUNX1,ENSG00000159216,ENST00000344691,ENSP00000340690,0.885,0.96651,.,0.97088,0.9415316,0.95403,0.8359224,0.90570,0.8917854,0.90662,0.8351454,0.90521,-14.398,0.94342,D,0.9296417473444916,0.97108,P,P,P,P,P,P,P,P,P,P,P,0.9999,0.99795,P,0
22,41129965,T,C,L,P,.,22,41525969,22,39855915,415,EP300,ENSG00000100393,ENST00000263253,ENSP00000263253,0.857,0.95618,0.842418823814294,0.84202,0.8556284,0.87755,0.81305254,0.89095,0.8556284,0.87756,0.81305254,0.89096,-15.666,0.97217,D,0.7590076417391913,0.84088,U,U,U,U,U,U,P,P,P,P,P,0.9992,0.98631,P,0
22,41157398,G,A,C,Y,rs2145747943,22,41553402,22,39883348,1164,EP300,ENSG00000100393,ENST00000263253,ENSP00000263253,0.811,0.93892,0.9281894397483228,0.92796,0.96694285,0.97970,0.9355284,0.97471,0.96694285,0.97970,0.9355284,0.97472,-12.561,0.87476,D,0.7964335883859244,0.87402,U,U,U,U,U,P,P,P,P,P,P,0.9982,0.97573,P,0
22,41169525,G,A,D,N,rs1057519889,22,41565529,22,39895475,1399,EP300,ENSG00000100393,ENST00000263253,ENSP00000263253,0.881,0.96502,0.959791967041618,0.95965,0.92017514,0.93265,0.80564004,0.88624,0.92017514,0.93265,0.80564004,0.88624,-13.917,0.92784,D,0.7938134042390562,0.87181,U,U,U,U,U,P,P,P,P,P,P,0.9971,0.96728,P,0
22,41169571,A,G,Y,C,rs2145765199,22,41565575,22,39895521,1414,EP300,ENSG00000100393,ENST00000263253,ENSP00000263253,0.971,0.99671,0.9384254909780032,0.93823,0.92168343,0.93411,0.88260007,0.93744,0.92168343,0.93412,0.88260007,0.93745,-13.128,0.89882,D,0.7898972920454195,0.86849,U,U,U,U,U,P,P,P,P,P,P,0.9863,0.92555,P,0
22,41170484,G,C,Q,H,rs2145766671,22,41566488,22,39896434,1455,EP300,ENSG00000100393,ENST00000263253,ENSP00000263253,0.861,0.95765,0.9828532305455976,0.98277,0.755739,0.81203,0.5471588,0.73822,0.755739,0.81204,0.5471588,0.73822,-9.834,0.72912,D,0.7905566523711834,0.86905,U,U,U,U,U,P,P,P,P,P,P,0.9846,0.92137,P,0
22,41170516,G,T,W,L,rs2059163270,22,41566520,22,39896466,1466,EP300,ENSG00000100393,ENST00000263253,ENSP00000263253,0.824,0.94390,0.8960211570461715,0.89573,0.9063116,0.91953,0.84237206,0.90995,0.9063116,0.91954,0.84237206,0.90996,-13.798,0.92382,D,0.7931961349862259,0.87129,U,U,U,U,U,P,P,P,P,P,P,0.994,0.95066,P,0
22,41170518,T,G,Y,D,.,22,41566522,22,39896468,1467,EP300,ENSG00000100393,ENST00000263253,ENSP00000263253,0.970,0.99647,0.9830742694197682,0.98299,0.9650059,0.97779,0.9592404,0.98931,0.9650059,0.97779,0.9592404,0.98931,-15.243,0.96397,D,0.7644893339909813,0.84603,U,U,U,U,U,P,P,P,P,P,P,0.9986,0.97949,P,0
3,10142041,C,T,S,L,rs5030826,3,10183725,3,10158725,65,VHL,ENSG00000134086,ENST00000256474,ENSP00000256474,0.782,0.92746,0.9972976272810582,0.99727,0.96231824,0.97512,0.88340926,0.93801,0.9768016,0.98857,0.8756775,0.93260,-3.652,0.18612,T,0.6282346001630781,0.69734,U,U,U,U,U,U,U,U,U,P,P,0.9839,0.91974,P,0
3,10142049,T,C,S,P,.,3,10183733,3,10158733,68,VHL,ENSG00000134086,ENST00000256474,ENSP00000256474,0.744,0.91155,0.9898810025632577,0.98983,0.9767297,0.98850,0.90348697,0.95224,0.9621306,0.97494,0.9178294,0.96245,-2.985,0.10552,T,0.5744590171413588,0.64148,U,U,U,U,U,U,U,U,U,U,P,0.932,0.85185,P,0
3,10142068,T,A,V,D,rs5030803,3,10183752,3,10158752,74,VHL,ENSG00000134086,ENST00000256474,ENSP00000256474,0.912,0.97662,0.9992132883431801,0.99921,0.9947184,0.99955,0.95558405,0.98727,0.9947184,0.99955,0.95558405,0.98728,-14.925,0.95674,D,0.4637302219796578,0.54546,U,U,U,U,U,U,U,U,U,U,U,0.9932,0.94731,P,0
3,10142080,A,G,N,S,rs5030804,3,10183764,3,10158764,78,VHL,ENSG00000134086,ENST00000256474,ENSP00000256474,0.767,0.92129,0.9784112594401474,0.97832,0.89143157,0.90630,0.8867051,0.94034,0.8994873,0.91338,0.8833017,0.93794,-6.793,0.52507,T,0.6340878682889449,0.70387,U,U,U,U,U,U,U,U,U,P,P,0.8815,0.81561,P,0
3,10142085,A,C,S,R,rs786202787,3,10183769,3,10158769,80,VHL,ENSG00000134086,ENST00000256474,ENSP00000256474,0.885,0.96651,0.9970262965890276,0.99700,0.9619273,0.97474,0.928029,0.96958,0.97352546,0.98579,0.92256445,0.96578,-7.985,0.60968,D,0.5757990850982397,0.64277,U,U,U,U,U,U,U,U,U,U,P,0.9985,0.97850,P,0
3,10142103,C,T,P,S,rs398123481,3,10183787,3,10158787,86,VHL,ENSG00000134086,ENST00000256474,ENSP00000256474,0.879,0.96428,0.9872150680015059,0.98715,0.9124746,0.92527,0.9068684,0.95466,0.9248386,0.93723,0.9449243,0.98086,-10.662,0.77772,D,0.6145111934313101,0.68236,U,U,U,U,U,U,U,U,U,U,P,0.9898,0.93538,P,0
3,10142110,G,T,W,L,rs119103277,3,10183794,3,10158794,88,VHL,ENSG00000134086,ENST00000256474,ENSP00000256474,0.848,0.95286,0.9859805911591115,0.98591,0.9701324,0.98272,0.9367405,0.97551,0.9701324,0.98272,0.9367405,0.97552,-10.635,0.77619,D,0.6427288144089016,0.71367,U,U,U,U,U,U,U,U,P,P,P,0.9876,0.92899,P,0
3,10142113,T,A,L,H,rs5030807,3,10183797,3,10158797,89,VHL,ENSG00000134086,ENST00000256474,ENSP00000256474,0.719,0.90056,0.9785311776082539,0.97844,0.9696956,0.98232,0.89543283,0.94652,0.97912025,0.99042,0.8902224,0.94283,-7.967,0.63384,D,0.2618878005240389,0.35349,U,U,U,U,U,U,B,B,B,B,B,0.9889,0.93267,P,0
3,10142179,G,A,S,N,rs869025631,3,10183863,3,10158863,111,VHL,ENSG00000134086,ENST00000256474,ENSP00000256474,0.541,0.80842,0.9700270956119893,0.96990,0.96038485,0.97319,0.81753594,0.89381,0.907862,0.92097,0.84409755,0.91110,-9.749,0.72396,D,0.12852205490928315,0.13321,U,U,B,B,B,B,B,B,B,B,B,0.9764,0.90465,P,0
3,10142182,A,G,Y,C,rs869025633,3,10183866,3,10158866,112,VHL,ENSG00000134086,ENST00000256474,ENSP00000256474,0.933,0.98452,0.9843511885903785,0.98428,0.9129177,0.92569,0.82995117,0.90182,0.9396397,0.95211,0.84448296,0.91136,-5.998,0.56124,T,0.5203487958999186,0.59272,U,U,U,U,U,U,U,U,U,U,U,0.9527,0.87203,P,0
3,10146514,G,C,G,A,rs1559428039,3,10188198,3,10163198,114,VHL,ENSG00000134086,ENST00000256474,ENSP00000256474,0.778,0.92583,0.9310352653332689,0.93082,0.94656634,0.95916,0.81718117,0.89358,0.94656634,0.95916,0.81718117,0.89358,-6.288,0.48627,T,.,.,.,.,.,.,.,.,.,.,.,.,.,0.821,0.78284,P,0
3,10146516,C,A,H,N,rs5030811,3,10188200,3,10163200,115,VHL,ENSG00000134086,ENST00000256474,ENSP00000256474,0.869,0.96059,0.9737963654549414,0.97369,0.9707625,0.98330,0.8949558,0.94618,0.9707625,0.98330,0.8949558,0.94619,-8.573,0.64911,D,0.6529084845781313,0.72531,U,U,U,U,U,U,U,U,P,P,P,0.9908,0.93857,P,0
3,10146523,G,T,W,L,rs1559428056,3,10188207,3,10163207,117,VHL,ENSG00000134086,ENST00000256474,ENSP00000256474,0.898,0.97135,0.9759729325360051,0.97587,0.9761177,0.98800,0.9266955,0.96866,0.9761177,0.98800,0.9266955,0.96866,-11.276,0.81150,D,0.6298746915298544,0.69914,U,U,U,U,U,U,U,U,U,P,P,0.9897,0.93507,P,0
3,10146534,G,T,D,Y,.,3,10188218,3,10163218,121,VHL,ENSG00000134086,ENST00000256474,ENSP00000256474,0.934,0.98489,0.9834874279957364,0.98340,0.9716973,0.98417,0.90245044,0.95150,0.9716973,0.98417,0.90245044,0.95150,-9.834,0.72912,D,0.5866226243495684,0.65342,U,U,U,U,U,U,U,U,U,U,P,0.9684,0.89183,P,0
3,10146578,A,T,L,F,rs119103278,3,10188262,3,10163262,135,VHL,ENSG00000134086,ENST00000256474,ENSP00000256474,0.491,0.77783,0.8828849672716218,0.88256,0.7302002,0.79735,0.37928003,0.62987,0.7817805,0.82765,0.34470052,0.60163,-4.431,0.29975,T,0.3827990286802688,0.47699,U,U,U,U,U,U,U,U,U,B,B,0.6344,0.70288,P,0
3,10146625,T,A,I,N,.,3,10188309,3,10163309,151,VHL,ENSG00000134086,ENST00000256474,ENSP00000256474,0.941,0.98744,0.9912036828813896,0.99115,0.9787041,0.99009,0.8535174,0.91740,0.9787041,0.99009,0.8535174,0.91740,-11.929,0.84502,D,0.6260109909532482,0.69487,U,U,U,U,U,U,U,U,U,P,P,0.9984,0.97755,P,0
3,10149795,C,G,L,V,rs1559429613,3,10191479,3,10166479,117,VHL,ENSG00000134086,ENST00000345392,ENSP00000344757,0.822,0.94315,.,0.92316,.,0.96244,.,0.87117,.,0.96688,.,0.87276,-3.69,0.34615,T,.,0.67819,.,.,.,.,.,.,.,.,.,.,.,0.5777,0.82748,P,0
3,10149805,G,A,R,Q,rs730882035,3,10191489,3,10166489,120,VHL,ENSG00000134086,ENST00000345392,ENSP00000344757,0.797,0.93346,.,0.89088,.,0.98074,.,0.92858,.,0.98023,.,0.88211,-4.024,0.24162,T,.,0.66793,.,.,.,.,.,.,.,.,.,.,.,0.6868,0.80936,P,0
3,10149808,G,A,C,Y,rs397516444,3,10191492,3,10166492,121,VHL,ENSG00000134086,ENST00000345392,ENSP00000344757,0.895,0.97022,.,0.95907,.,0.97863,.,0.97674,.,0.98805,.,0.97971,-3.348,0.31382,T,.,0.58795,.,.,.,.,.,.,.,.,.,.,.,0.9696,0.96936,P,0
3,10149829,T,C,L,P,rs1131690962,3,10191513,3,10166513,128,VHL,ENSG00000134086,ENST00000345392,ENSP00000344757,0.952,0.99124,.,0.96712,.,0.99130,.,0.96677,.,0.98581,.,0.97752,-2.576,0.57674,T,.,0.65912,.,.,.,.,.,.,.,.,.,.,.,0.9533,0.94731,P,0
3,30674186,G,A,D,N,rs886039551,3,30715678,3,30690682,446,TGFBR2,ENSG00000163513,ENST00000295754,ENSP00000295754,0.743,0.91112,.,0.99411,0.97783583,0.98940,0.9481834,0.98288,0.9749375,0.98701,0.95337266,0.98600,-13.064,0.89625,D,0.7399163532578745,0.82194,U,U,U,U,U,U,P,P,P,P,P,0.9907,0.93824,P,0
3,30691450,G,A,E,K,rs2125455181,3,30732942,3,30707946,519,TGFBR2,ENSG00000163513,ENST00000295754,ENSP00000295754,0.633,0.85924,.,0.96309,0.84811395,0.87197,0.7471618,0.85055,0.84628105,0.87063,0.7401072,0.84639,-13.462,0.91176,D,0.701044611277406,0.78002,U,U,U,U,U,U,U,P,P,P,P,0.9263,0.84904,P,0
3,30691478,G,A,R,H,rs104893815,3,30732970,3,30707974,528,TGFBR2,ENSG00000163513,ENST00000295754,ENSP00000295754,0.968,0.99597,.,0.98452,0.9572106,0.96998,0.8881224,0.94134,0.9740906,0.98628,0.9212657,0.96488,-13.393,0.90917,D,0.7474718725794471,0.82958,U,U,U,U,U,U,P,P,P,P,P,0.9952,0.95627,P,0
3,47101476,T,C,Y,C,rs1559720382,3,47142966,3,47117970,1666,SETD2,ENSG00000181555,ENST00000409792,ENSP00000386759,0.942,0.98780,0.9990778226771646,0.99906,0.9218465,0.93427,0.8576635,0.92020,0.9218465,0.93428,0.8576635,0.92021,-13.646,0.91850,D,0.8322039287715809,0.90275,U,U,U,U,P,P,P,P,P,P,P,0.9988,0.98268,P,0
3,47103390,G,A,R,C,rs2107688549,3,47144880,3,47119884,1625,SETD2,ENSG00000181555,ENST00000409792,ENSP00000386759,0.907,0.97474,0.9922998159115655,0.99225,0.92157024,0.93400,0.838439,0.90735,0.92157024,0.93401,0.838439,0.90736,-13.934,0.92840,D,0.8844921901468251,0.94120,U,P,P,P,P,P,P,P,P,P,P,0.998,0.97401,P,0
3,47106028,T,C,H,R,.,3,47147518,3,47122522,153,SETD2,ENSG00000181555,ENST00000638947,ENSP00000491413,.,0.98304,.,0.98349,.,0.94710,.,0.96270,.,0.94711,.,0.96270,.,0.97393,.,.,0.94775,.,.,.,.,.,.,.,.,.,.,.,0.9989,0.98268,P,0
3,52576678,C,G,R,P,rs753432959,3,52610694,3,52585734,1153,PBRM1,ENSG00000163939,ENST00000356770,ENSP00000349213,0.628,0.85666,.,0.94733,.,0.83021,.,0.85759,.,0.83022,.,0.85760,-11.976,0.86159,D,.,.,.,.,.,.,.,.,.,.,.,.,.,0.9883,0.94691,P,0
3,52609752,G,C,R,G,rs2153423996,3,52643768,3,52618808,669,PBRM1,ENSG00000163939,ENST00000446103,ENSP00000397662,0.181,0.45247,.,0.60656,.,0.70116,.,0.61794,.,0.70117,.,0.61793,.,0.80128,.,.,.,.,.,.,.,.,.,.,.,.,.,.,0.8745,0.84887,P,0
4,152322940,G,A,R,W,rs2126459661,4,153244092,4,153463542,571,FBXW7,ENSG00000109670,ENST00000296555,ENSP00000296555,0.349,0.67049,.,0.87774,.,0.89165,.,0.84602,.,0.89166,.,0.84603,-12.47,0.90731,D,.,.,.,.,.,.,.,.,.,.,.,.,.,0.9991,0.98907,P,0
4,152323032,C,T,R,Q,rs759610249,4,153244184,4,153463634,540,FBXW7,ENSG00000109670,ENST00000296555,ENSP00000296555,0.401,0.71479,.,0.74348,.,0.75784,.,0.59363,.,0.74458,.,0.59749,-11.972,0.85986,D,.,.,.,.,.,.,.,.,.,.,.,.,.,0.6335,0.82324,P,0
4,152324294,G,A,S,L,rs2126478122,4,153245446,4,153464896,464,FBXW7,ENSG00000109670,ENST00000296555,ENSP00000296555,0.560,0.81946,.,0.76065,.,0.77954,.,0.80431,.,0.77956,.,0.80432,-17.811,0.99439,D,.,.,.,.,.,.,.,.,.,.,.,.,.,0.9993,0.98907,P,0
4,152326013,G,A,S,L,.,4,153247165,4,153466615,428,FBXW7,ENSG00000109670,ENST00000296555,ENSP00000296555,0.714,0.89831,.,0.86872,.,0.91440,.,0.88605,.,0.91441,.,0.88606,-16.74,0.98723,D,.,.,.,.,.,.,.,.,.,.,.,.,.,0.9957,0.98383,P,0
4,152326016,T,C,Y,C,rs1560758208,4,153247168,4,153466618,427,FBXW7,ENSG00000109670,ENST00000296555,ENSP00000296555,0.687,0.88585,.,0.81049,.,0.93096,.,0.95402,.,0.93097,.,0.95403,-15.889,0.97590,D,.,.,.,.,.,.,.,.,.,.,.,.,.,0.9998,0.99795,P,0
4,152326056,T,G,T,P,rs2126492993,4,153247208,4,153466658,414,FBXW7,ENSG00000109670,ENST00000296555,ENSP00000296555,0.259,0.57090,.,0.78777,.,0.73394,.,0.73116,.,0.73396,.,0.73117,-14.3,0.95458,D,.,.,.,.,.,.,.,.,.,.,.,.,.,0.9509,0.93122,P,0
4,152326092,C,T,D,N,rs1728989128,4,153247244,4,153466694,402,FBXW7,ENSG00000109670,ENST00000296555,ENSP00000296555,0.844,0.95138,.,0.92303,.,0.86404,.,0.77674,.,0.86406,.,0.77675,-12.145,0.89589,D,.,.,.,.,.,.,.,.,.,.,.,.,.,0.9974,0.98157,P,0
4,152326137,G,A,R,C,rs149680468,4,153247289,4,153466739,387,FBXW7,ENSG00000109670,ENST00000296555,ENSP00000296555,0.656,0.87085,.,0.83743,.,0.94547,.,0.90235,.,0.90325,.,0.88643,-13.334,0.93195,D,.,.,.,.,.,.,.,.,.,.,.,.,.,0.9996,0.99795,P,0
4,152326214,C,T,R,Q,rs866987936,4,153247366,4,153466816,361,FBXW7,ENSG00000109670,ENST00000296555,ENSP00000296555,0.479,0.77012,.,0.76163,.,0.94171,.,0.88758,.,0.93143,.,0.85909,-14.607,0.96018,D,.,.,.,.,.,.,.,.,.,.,.,.,.,0.9998,0.99585,P,0
4,152328233,G,A,R,C,rs867384286,4,153249385,4,153468835,347,FBXW7,ENSG00000109670,ENST00000296555,ENSP00000296555,0.593,0.83802,.,0.78001,.,0.97100,.,0.95189,.,0.95531,.,0.94466,-12.572,0.89479,D,.,.,.,.,.,.,.,.,.,.,.,.,.,0.9998,0.99795,P,0
4,152328305,G,A,R,W,rs1729243072,4,153249457,4,153468907,323,FBXW7,ENSG00000109670,ENST00000296555,ENSP00000296555,0.580,0.83081,.,0.79969,.,0.93765,.,0.92775,.,0.93766,.,0.92775,-15.086,0.97110,D,.,.,.,.,.,.,.,.,.,.,.,.,.,0.9989,0.98907,P,0
4,152328316,C,A,G,V,.,4,153249468,4,153468918,319,FBXW7,ENSG00000109670,ENST00000296555,ENSP00000296555,0.821,0.94276,.,0.86882,.,0.97722,.,0.98851,.,0.97722,.,0.98852,-15.978,0.98025,D,.,.,.,.,.,.,.,.,.,.,.,.,.,0.9998,0.99795,P,0
4,152328358,C,A,G,V,rs1157879635,4,153249510,4,153468960,305,FBXW7,ENSG00000109670,ENST00000296555,ENSP00000296555,0.603,0.84345,.,0.85198,.,0.97811,.,0.98892,.,0.97811,.,0.98893,-16.476,0.99097,D,.,.,.,.,.,.,.,.,.,.,.,.,.,0.9997,0.99585,P,0
4,152329730,C,T,R,Q,rs1390822119,4,153250882,4,153470332,275,FBXW7,ENSG00000109670,ENST00000296555,ENSP00000296555,0.341,0.66297,.,0.72265,.,0.82455,.,0.78422,.,0.82456,.,0.78423,-12.618,0.88642,D,.,.,.,.,.,.,.,.,.,.,.,.,.,0.1666,0.58808,B,0
4,152329754,G,T,T,K,rs866269762,4,153250906,4,153470356,267,FBXW7,ENSG00000109670,ENST00000296555,ENSP00000296555,0.624,0.85459,.,0.87287,.,0.95942,.,0.98841,.,0.95943,.,0.98842,-16.266,0.98713,D,.,.,.,.,.,.,.,.,.,.,.,.,.,0.9998,0.99795,P,0
4,152330754,C,G,R,P,rs745418631,4,153251906,4,153471356,249,FBXW7,ENSG00000109670,ENST00000296555,ENSP00000296555,0.258,0.56959,.,0.87838,.,0.81736,.,0.83760,.,0.81737,.,0.83761,-10.288,0.82486,D,.,.,.,.,.,.,.,.,.,.,.,.,.,0.8217,0.82843,P,0
4,152337802,C,A,E,D,rs2126582835,4,153258954,4,153478404,169,FBXW7,ENSG00000109670,ENST00000296555,ENSP00000296555,0.227,0.52620,.,0.73809,.,0.83305,.,0.77564,.,0.83307,.,0.77565,-10.917,0.80225,D,.,.,.,.,.,.,.,.,.,.,.,.,.,0.9953,0.98157,P,0
4,152346985,C,T,R,Q,rs752114536,4,153268137,4,153487587,106,FBXW7,ENSG00000109670,ENST00000296555,ENSP00000296555,0.180,0.45073,.,0.75572,.,0.36293,.,0.33798,.,0.36292,.,0.33797,-8.933,0.70716,D,.,.,.,.,.,.,.,.,.,.,.,.,.,0.2557,0.64622,B,0
4,152411763,C,T,R,Q,rs200698994,4,153332915,4,153552365,14,FBXW7,ENSG00000109670,ENST00000281708,ENSP00000281708,0.084,0.24469,.,0.49854,0.29610088,0.52553,0.24873589,0.50430,0.29610088,0.52553,0.24873589,0.50429,-5.33,0.40239,T,.,.,.,.,.,.,.,.,.,.,.,.,.,0.1755,0.51139,B,0
4,186621706,C,T,R,Q,rs767331775,4,187542860,4,187779854,1627,FAT1,ENSG00000083857,ENST00000441802,ENSP00000406229,0.160,0.41473,0.3150426958529604,0.31417,0.0859932,0.19972,0.08181415,0.18622,0.0859932,0.19972,0.08181415,0.18622,-4.426,0.29907,T,.,.,.,.,.,.,.,.,.,.,.,.,.,0.0771,0.06433,B,0
5,56865443,T,C,L,S,.,5,56161270,5,56197027,380,MAP3K1,ENSG00000095015,ENST00000399503,ENSP00000382423,0.624,0.85459,0.9114048898134088,0.91114,0.26865205,0.49937,0.25296742,0.50936,0.26865205,0.49937,0.25296742,0.50935,-16.341,0.98228,D,0.7145130109643418,0.79506,U,U,U,U,U,U,P,P,P,P,P,0.9981,0.97486,P,0
5,56885938,C,T,S,L,rs1287268127,5,56181765,5,56217522,1330,MAP3K1,ENSG00000095015,ENST00000399503,ENSP00000382423,0.538,0.80664,0.8103842853988503,0.80993,0.96960217,0.98223,0.9430094,0.97963,0.96960217,0.98223,0.9430094,0.97964,-17.091,0.98986,D,0.6647619375330323,0.73881,U,U,U,U,U,U,U,U,P,P,P,0.9883,0.93093,P,0
5,68293310,G,A,G,R,rs1057519757,5,67589138,5,67624894,106,PIK3R1,ENSG00000145675,ENST00000336483,ENSP00000338554,0.778,0.92583,.,0.81650,.,0.96879,.,0.99542,.,0.98454,.,0.99259,-9.108,0.88595,D,.,0.85507,.,.,.,.,.,.,.,.,.,.,.,0.9975,0.98051,P,0
5,68293319,A,G,K,E,rs2112257053,5,67589147,5,67624903,109,PIK3R1,ENSG00000145675,ENST00000336483,ENSP00000338554,0.933,0.98452,.,0.91196,.,0.99369,.,0.99332,.,0.99369,.,0.99332,-16.409,0.99518,D,.,0.80008,.,.,.,.,.,.,.,.,.,.,.,0.9999,0.99795,P,0
5,68293764,A,G,Y,C,.,5,67589592,5,67625348,125,PIK3R1,ENSG00000145675,ENST00000519025,ENSP00000429156,0.550,0.81369,.,0.77104,.,0.83087,.,0.68081,.,0.83089,.,0.68081,.,0.53968,.,.,0.72945,.,.,.,.,.,.,.,.,.,.,.,0.182,0.65828,B,0
5,68295258,A,G,D,G,rs2112275974,5,67591086,5,67626842,197,PIK3R1,ENSG00000145675,ENST00000523872,ENSP00000430098,0.557,0.81774,.,0.74376,.,0.92955,.,0.84526,.,0.92956,.,0.84527,-12.354,0.88198,D,.,0.79213,.,.,.,.,.,.,.,.,.,.,.,0.9959,0.96661,P,0
5,68295269,A,G,N,D,rs1057519841,5,67591097,5,67626853,201,PIK3R1,ENSG00000145675,ENST00000523872,ENSP00000430098,0.362,0.68230,.,0.75858,.,0.91261,.,0.81015,.,0.90822,.,0.79479,-8.118,0.82543,D,.,0.76698,.,.,.,.,.,.,.,.,.,.,.,0.9948,0.98504,P,0
5,68295278,A,G,K,E,rs1747645807,5,67591106,5,67626862,204,PIK3R1,ENSG00000145675,ENST00000523872,ENSP00000430098,0.468,0.76289,.,0.89512,.,0.94737,.,0.90367,.,0.94737,.,0.90368,-15.181,0.96730,D,.,0.82056,.,.,.,.,.,.,.,.,.,.,.,0.9991,0.99585,P,0
5,112839693,C,G,Q,E,rs121913328,5,112175390,5,112203289,1367,APC,ENSG00000134982,ENST00000257430,ENSP00000257430,0.386,0.70276,0.4605461928281389,0.45972,0.16003,0.35916,0.17743921,0.40346,0.16003,0.35916,0.17743921,0.40346,-3.388,0.14896,T,0.7538611055447281,0.83590,U,U,U,U,U,U,P,P,P,P,P,.,0.44973,.,0
5,112839812,G,C,Q,H,rs1353765293,5,112175509,5,112203408,1406,APC,ENSG00000134982,ENST00000257430,ENSP00000257430,0.465,0.76089,0.46134292979804803,0.46052,0.08252935,0.19017,0.108537264,0.26145,0.08252935,0.19017,0.108537264,0.26145,-6.168,0.47663,T,0.6804451236986527,0.75675,U,U,U,U,U,U,U,P,P,P,P,.,0.64880,.,0
5,112839880,A,G,Q,R,rs1554085710,5,112175577,5,112203476,1429,APC,ENSG00000134982,ENST00000257430,ENSP00000257430,0.608,0.84613,0.6701270154838482,0.66950,0.5883241,0.72060,0.5810716,0.75717,0.5883241,0.72061,0.5810716,0.75718,-9.034,0.67916,D,0.7295362095372286,0.81114,U,U,U,U,U,U,P,P,P,P,P,.,0.85423,.,0
5,177260151,G,C,C,S,.,5,176687152,5,176619758,1441,NSD1,ENSG00000165671,ENST00000347982,ENSP00000343209,0.953,0.99157,.,0.99894,.,0.90095,.,0.95628,.,0.90096,.,0.95628,-18.281,0.99728,D,.,0.81046,.,.,.,.,.,.,.,.,.,.,.,0.9997,0.99585,P,0
7,152148282,G,A,R,C,rs2129095038,7,151845367,7,151476300,1166,KMT2C,ENSG00000055609,ENST00000424877,ENSP00000410411,0.902,0.97286,.,0.78857,.,0.77778,.,0.72968,.,0.77780,.,0.72969,.,0.80122,.,.,.,.,.,.,.,.,.,.,.,.,.,.,0.7582,0.83652,P,0
9,21970970,A,T,L,Q,rs2131092580,9,21970969,9,21960969,130,CDKN2A,ENSG00000147889,ENST00000304494,ENSP00000307101,0.787,0.92948,.,0.83198,0.79979116,0.83892,0.69786495,0.82205,0.79979116,0.83894,0.69786495,0.82206,-13.786,0.92340,D,.,.,.,.,.,.,.,.,.,.,.,.,.,0.9262,0.85073,P,0
9,21970973,T,C,Y,C,rs2131092622,9,21970972,9,21960972,129,CDKN2A,ENSG00000147889,ENST00000304494,ENSP00000307101,0.618,0.85144,.,0.79193,0.49184227,0.66612,0.44799334,0.67859,0.49184227,0.66613,0.44799334,0.67860,-9.02,0.67826,D,.,.,.,.,.,.,.,.,.,.,.,.,.,0.8807,0.82298,P,0
9,21970999,C,A,E,D,rs757308315,9,21970998,9,21960998,120,CDKN2A,ENSG00000147889,ENST00000304494,ENSP00000307101,0.569,0.82460,.,0.57591,0.13061568,0.30472,0.107948564,0.25997,0.13061568,0.30471,0.107948564,0.25996,-5.912,0.45537,T,.,.,.,.,.,.,.,.,.,.,.,.,.,0.2992,0.58529,B,0
9,21971018,G,A,P,L,rs121913386,9,21971017,9,21961017,114,CDKN2A,ENSG00000147889,ENST00000304494,ENSP00000307101,0.872,0.96170,.,0.81777,0.82452476,0.85527,0.6972509,0.82171,0.82452476,0.85528,0.6972509,0.82172,-15.283,0.96481,D,.,.,.,.,.,.,.,.,.,.,.,.,.,0.8805,0.82633,P,0
9,21971037,C,A,D,Y,rs121913381,9,21971036,9,21961036,108,CDKN2A,ENSG00000147889,ENST00000304494,ENSP00000307101,0.843,0.95101,.,0.91530,0.9396016,0.95208,0.8659151,0.92584,0.9396016,0.95208,0.8659151,0.92584,-16.659,0.98592,D,.,.,.,.,.,.,.,.,.,.,.,.,.,0.9811,0.91596,P,0
9,21971097,C,T,E,K,rs121913384,9,21971096,9,21961096,37,CDKN2A,ENSG00000147889,ENST00000479692,ENSP00000466887,.,0.81193,.,0.78571,.,0.58928,.,0.68805,.,0.58929,.,0.68806,.,0.82967,.,.,.,.,.,.,.,.,.,.,.,.,.,.,0.5411,0.76384,A,0
9,21971109,C,T,D,N,rs11552822,9,21971108,9,21961108,33,CDKN2A,ENSG00000147889,ENST00000479692,ENSP00000466887,.,0.87771,.,0.84675,.,0.80465,.,0.78360,.,0.80466,.,0.78360,.,0.82330,.,.,.,.,.,.,.,.,.,.,.,.,.,.,0.5871,0.79163,P,0
9,21971112,G,A,A,V,rs121913385,9,21971111,9,21961111,97,CDKN2A,ENSG00000147889,ENST00000530628,ENSP00000432664,0.577,0.82912,.,.,.,.,.,.,.,.,.,.,-4.687,0.33246,T,0.4244589731557391,0.51268,U,U,U,U,U,U,U,U,U,U,B,0.1664,0.36673,B,0
9,21971120,C,T,R,Q,rs1057519883,9,21971119,9,21961119,29,CDKN2A,ENSG00000147889,ENST00000479692,ENSP00000466887,.,0.79947,.,0.81891,.,0.43977,.,0.18971,.,0.43977,.,0.18971,.,0.59988,.,.,.,.,.,.,.,.,.,.,.,.,.,.,0.3199,0.54499,B,0
9,21971139,C,T,D,N,rs760640852,9,21971138,9,21961138,23,CDKN2A,ENSG00000147889,ENST00000479692,ENSP00000466887,.,0.88252,.,0.74341,.,0.77088,.,0.79306,.,0.77089,.,0.79307,.,0.71622,.,.,.,.,.,.,.,.,.,.,.,.,.,.,0.5632,0.79589,A,0
9,21974678,C,A,Q,H,rs1057519882,9,21974677,9,21964677,50,CDKN2A,ENSG00000147889,ENST00000304494,ENSP00000307101,0.544,0.81018,.,0.97471,0.6063274,0.73031,0.39274636,0.64012,0.6063274,0.73032,0.39274636,0.64011,-3.595,0.21193,T,.,.,.,.,.,.,.,.,.,.,.,.,.,0.7198,0.75718,P,0
9,21974685,G,A,P,L,rs763804037,9,21974684,9,21964684,48,CDKN2A,ENSG00000147889,ENST00000304494,ENSP00000307101,0.765,0.92046,.,0.96343,0.47891796,0.65834,0.3061611,0.56641,0.47891796,0.65835,0.3061611,0.56641,-13.237,0.90483,D,.,.,.,.,.,.,.,.,.,.,.,.,.,0.8968,0.82534,P,0
9,21974704,T,G,N,H,rs1587339662,9,21974703,9,21964703,42,CDKN2A,ENSG00000147889,ENST00000304494,ENSP00000307101,0.441,0.74447,.,0.83229,0.56617576,0.70850,0.49417692,0.70745,0.56617576,0.70851,0.49417692,0.70745,-10.078,0.74378,D,.,.,.,.,.,.,.,.,.,.,.,.,.,0.7557,0.75300,P,0
9,21974793,G,A,S,L,rs141798398,9,21974792,9,21964792,12,CDKN2A,ENSG00000147889,ENST00000304494,ENSP00000307101,0.270,0.58507,.,0.87303,0.07472816,0.16789,0.075337216,0.16576,0.07472816,0.16788,0.075337216,0.16576,-3.769,0.21898,T,.,.,.,.,.,.,.,.,.,.,.,.,.,0.2277,0.48146,B,0
9,136511181,A,C,F,C,rs1843175664,9,139405633,9,138525454,853,NOTCH1,ENSG00000148400,ENST00000277541,ENSP00000277541,0.932,0.98415,.,.,0.676153,0.76763,0.58263546,0.75804,0.676153,0.76764,0.58263546,0.75805,-14.146,0.93521,D,.,.,.,.,.,.,.,.,.,.,.,.,.,.,.,.,0
9,136517781,A,G,I,T,rs753964476,9,139412233,9,138532054,471,NOTCH1,ENSG00000148400,ENST00000277541,ENSP00000277541,0.749,0.91371,.,.,0.602746,0.72839,0.32187596,0.58133,0.602746,0.72840,0.32187596,0.58132,-10.142,0.74757,D,.,.,.,.,.,.,.,.,.,.,.,.,.,.,.,.,0
9,136517830,C,T,E,K,rs1554729950,9,139412282,9,138532103,455,NOTCH1,ENSG00000148400,ENST00000277541,ENSP00000277541,0.896,0.97060,.,.,0.86148405,0.88199,0.5531684,0.74160,0.86148405,0.88200,0.5531684,0.74161,-11.701,0.83365,D,.,.,.,.,.,.,.,.,.,.,.,.,.,.,.,.,0
9,136517874,C,A,C,F,.,9,139412326,9,138532147,440,NOTCH1,ENSG00000148400,ENST00000277541,ENSP00000277541,0.987,0.99952,.,.,0.99582916,0.99979,0.98493135,0.99922,0.99582916,0.99979,0.98493135,0.99923,-17.68,0.99373,D,.,.,.,.,.,.,.,.,.,.,.,.,.,.,.,.,0
9,136518597,G,A,R,C,rs1064795070,9,139413049,9,138532870,365,NOTCH1,ENSG00000148400,ENST00000277541,ENSP00000277541,0.620,0.85249,.,.,0.53912944,0.69348,0.46447366,0.68917,0.53912944,0.69349,0.46447366,0.68917,-12.779,0.88432,D,.,.,.,.,.,.,.,.,.,.,.,.,.,.,.,.,0
9,136518762,C,T,G,R,rs2133371393,9,139413214,9,138533035,310,NOTCH1,ENSG00000148400,ENST00000277541,ENSP00000277541,0.824,0.94390,.,.,0.7021374,0.78173,0.63648325,0.78775,0.7021374,0.78174,0.63648325,0.78776,-14.952,0.95739,D,.,.,.,.,.,.,.,.,.,.,.,.,.,.,.,.,0
X,40062191,T,C,N,S,rs199538037,X,39921444,X,39806388,132,BCOR,ENSG00000183337,ENST00000442018,ENSP00000387552,0.221,0.51721,.,0.64824,.,0.64384,.,0.79277,.,0.64385,.,0.79277,.,0.81246,.,.,0.65672,.,.,.,.,.,.,.,.,.,.,.,0.9152,0.85307,P,0
X,45063471,G,A,G,E,rs1602818600,X,44922716,X,44807660,457,KDM6A,ENSG00000147050,ENST00000536777,ENSP00000437405,0.374,0.69273,.,0.42451,.,0.90359,.,0.93299,.,0.90360,.,0.93299,.,0.55143,.,.,0.74534,.,.,.,.,.,.,.,.,.,.,.,0.5409,0.68123,A,0
X,45079215,A,C,Q,P,.,X,44938460,X,44823404,1003,KDM6A,ENSG00000147050,ENST00000377967,ENSP00000367203,0.929,0.98304,0.9926960636572127,0.99265,0.9697309,0.98235,0.9566171,0.98785,0.9697309,0.98235,0.9566171,0.98786,-17.23,0.99092,D,0.6358446823116963,0.70585,U,U,U,U,U,U,U,U,U,P,P,0.9936,0.95728,P,0
X,47179127,C,G,R,G,rs1935346338,X,47038526,X,46923470,153,RBM10,ENSG00000182872,ENST00000345781,ENSP00000329659,0.816,0.94085,.,0.99852,.,0.91495,.,0.87620,.,0.91496,.,0.87621,-12.741,0.88629,D,.,0.73107,.,.,.,.,.,.,.,.,.,.,.,0.999,0.98504,P,0
X,124045348,G,A,R,Q,rs2148181102,X,123179198,X,123006879,216,STAG2,ENSG00000101972,ENST00000218089,ENSP00000218089,0.819,0.94200,0.9908445756156898,0.99079,.,0.98564,.,0.98141,.,0.98564,.,0.98142,-13.969,0.92955,D,.,0.98514,.,.,.,.,.,.,.,.,.,.,.,.,0.99395,.,0
