#chr,pos(1-based),ref,alt,aaref,aaalt,aapos,rs_dbSNP,hg19_chr,hg19_pos(1-based),hg18_chr,hg18_pos(1-based),genename,Ensembl_geneid,Ensembl_transcriptid,Ensembl_proteinid,gnomAD2.1.1_exomes_controls_AF,gnomAD4.1_joint_AF,Uniprot_entry,SIFT_score,SIFT_converted_rankscore,SIFT4G_score,SIFT4G_converted_rankscore,Polyphen2_HDIV_score,Polyphen2_HDIV_rankscore,Polyphen2_HVAR_score,Polyphen2_HVAR_rankscore,MutationTaster_score,MutationTaster_converted_rankscore,MutationAssessor_score,MutationAssessor_rankscore,PROVEAN_score,PROVEAN_converted_rankscore,VEST4_score,VEST4_rankscore,MetaSVM_score,MetaSVM_rankscore,MetaLR_score,MetaLR_rankscore,MetaRNN_score,MetaRNN_rankscore,M-CAP_score,M-CAP_rankscore,REVEL_score,REVEL_rankscore,MutPred_score,MutPred_rankscore,MVP_score,MVP_rankscore,gMVP_score,gMVP_rankscore,MPC_score,MPC_rankscore,PrimateAI_score,PrimateAI_rankscore,DEOGEN2_score,DEOGEN2_rankscore,BayesDel_addAF_score,BayesDel_addAF_rankscore,BayesDel_noAF_score,BayesDel_noAF_rankscore,ClinPred_score,ClinPred_rankscore,LIST-S2_score,LIST-S2_rankscore,VARITY_R_score,VARITY_R_rankscore,VARITY_ER_score,VARITY_ER_rankscore,VARITY_R_LOO_score,VARITY_R_LOO_rankscore,VARITY_ER_LOO_score,VARITY_ER_LOO_rankscore,ESM1b_score,ESM1b_rankscore,AlphaMissense_score,AlphaMissense_rankscore,PHACTboost_score,PHACTboost_rankscore,MutFormer_score,MutFormer_rankscore,MutScore_score,MutScore_rankscore,CADD_raw_score,CADD_raw_rankscore,DANN_score,DANN_rankscore,fathmm-XF_coding_score,fathmm-XF_coding_rankscore,Eigen-raw_coding_score,Eigen-raw_coding_rankscore,Eigen-PC-raw_coding_score,Eigen-PC-raw_coding_rankscore,MAVEN_(average)_score,MAVEN_score
19,578070,G,A,A,T,122,rs377178925,19,578070,19,529070,BSG,ENSG00000172270,ENST00000333511,ENSP00000333769,.,1.865770e-06,BASI_HUMAN,1.0,0.00968,0.992,0.02388,0.094,0.25399,0.01,0.14938,0.03,0.10877,-0.265,0.03780,-0.32,0.12213,0.035,0.00996,-1.0068,0.27828,0.0531,0.22342,0.0291892,0.01046,0.017823,0.39425,0.028,0.06252,0.385,0.40316,0.132336055621,0.12456,0.17563226193124493,0.17307,0.163236036559,0.18149,0.426590144634,0.28708,0.175741,0.52305,-0.268927,0.11628,-0.624071,0.10621,0.0541916154325008,0.06157,0.525647,0.17006,0.037845656,0.04883,0.029125445,0.01225,0.037845656,0.04882,0.029125445,0.01225,-4.013,0.24020,0.0917,0.13515,0.00143615511564666,0.11273,0.00502187,0.33270,0.03,0.06148,0.359739,0.07351,0.8229349907974337,0.14341,0.021108,0.00896,-0.983440302044063,0.08849,-0.92413509859963,0.11327,.,.
9,15744466,T,C,L,S,748,.,9,15744464,9,15734464,CCDC171,ENSG00000164989,ENST00000380701,ENSP00000370077,.,.,CC171_HUMAN,0.0,0.91343,0.04,0.51160,0.998,0.73231,0.943,0.67917,.,.,1.995,0.53920,-2.41,0.52959,0.784,0.77985,-0.8741,0.50023,0.1504,0.47602,0.79256845,0.78576,0.043783,0.61012,0.374,0.69109,0.491,0.57600,0.165133752707,0.15707,0.5216081990315492,0.51891,.,.,0.676548242569,0.63714,0.157614,0.49768,0.238182,0.77323,0.104356,0.77028,0.966635286808014,0.67436,0.806319,0.45348,0.47839236,0.65491,0.5824313,0.75545,0.47839236,0.65492,0.5824313,0.75546,-12.961,0.89226,0.8915,0.82147,0.812782942059248,0.71338,0.00304550,0.27508,0.382,0.63351,4.843696,0.79144,0.998739136653393,0.95164,0.596904,0.58944,0.556517862415532,0.70322,0.592438016222833,0.74257,.,.
3,190322082,G,C,T,S,42,.,3,190039871,3,191522565,CLDN1,ENSG00000163347,ENST00000295522,ENSP00000295522,.,3.097450e-06,CLD1_HUMAN,0.002,0.72322,0.004,0.74454,1.0,0.90580,0.996,0.84488,.,.,3.015,0.85979,-3.34,0.66354,0.573,0.59354,0.9029,0.95701,0.8683,0.95612,0.8469348,0.83690,0.130178,0.81176,0.693,0.88818,0.776,0.90105,0.971214451579,0.97063,0.5375521512517885,0.53489,0.896582568618,0.70300,0.585772812366,0.50832,0.663525,0.89829,0.274311,0.80682,0.156253,0.80432,0.991891980171204,0.82119,0.89721,0.63951,0.6511331,0.75155,0.8194963,0.89371,0.6511331,0.75156,0.8194963,0.89371,-8.349,0.63499,0.7809,0.76361,0.987448802609001,0.87442,0.24328266,0.74895,0.643,0.80118,5.159983,0.86479,0.9977901340482176,0.86617,0.834969,0.75204,0.867125534898037,0.90007,0.836410045195761,0.92154,.,.
9,17484465,C,G,D,E,1342,.,9,17484463,9,17474463,CNTLN,ENSG00000044459,ENST00000380647,ENSP00000370021,.,.,CNTLN_HUMAN,0.108,0.29555,0.394,0.15522,0.383,0.34443,0.066,0.27434,.,.,1.81,0.47446,-0.52,0.16117,0.216,0.23972,-1.0340,0.19150,0.0487,0.20638,0.06582543,0.08905,0.003434,0.07496,0.076,0.22039,0.308,0.27838,0.0297737177859,0.01290,0.06651340790605555,0.06473,.,.,0.454094856977,0.32463,.,.,-0.334385,0.05604,-0.718097,0.04709,0.66925048828125,0.38999,0.60384,0.22396,.,.,.,.,.,.,.,.,-2.511,0.05862,0.1784,0.38952,.,.,0.00012371,0.01489,0.049,0.12781,1.800383,0.22927,0.9946459389183055,0.66041,0.135283,0.25342,-0.186897230874594,0.33401,-0.161207468703386,0.32668,.,.
11,722444,C,T,S,F,368,.,11,722444,11,712444,EPS8L2,ENSG00000177106,ENST00000318562,ENSP00000320828,.,2.479050e-06,ES8L2_HUMAN,0.61,0.05502,0.064,0.45254,0.454,0.36199,0.107,0.31213,0.07,0.21442,2.31,0.65934,-0.68,0.21585,0.227,0.25446,-1.0371,0.18184,0.0285,0.12135,0.096096724,0.17040,0.01234,0.30561,0.038,0.09722,0.399,0.42608,0.229264304666,0.22117,.,0.34599,.,0.11770,0.49927097559,0.38673,0.107476,0.41675,-0.211006,0.18931,-0.540872,0.17903,0.278683543205261,0.23835,.,0.43408,0.099154435,0.23187,0.06393395,0.12742,0.099154435,0.23186,0.06393395,0.12741,-7.111,0.54995,0.0971,0.21346,0.00154805297330257,0.11653,0.00017475,0.02486,0.073,0.20544,1.973696,0.25116,0.92299102477938,0.2194,0.044444,0.0703,-0.528304283436634,0.20918,-0.623845296684853,0.18586,.,.
17,28749957,C,T,L,F,435,.,17,27076975,17,24101102,TRAF4,ENSG00000076604,ENST00000444415,ENSP00000438154,.,.,F6SA91_HUMAN,.,.,.,.,.,.,.,.,.,.,.,.,.,.,0.176,0.18802,.,.,.,.,0.11321741,0.21017,0.009625,0.24880,.,.,.,.,0.592786806985,0.58645,.,.,.,.,.,.,0.053977,0.29350,-0.315719,0.07055,-0.691285,0.0612,.,.,0.330567,0.06799,.,.,.,.,.,.,.,.,.,.,0.2207,0.45163,.,.,.,.,.,.,1.206932,0.16016,0.846922567709018,0.15678,0.108404,0.21355,.,.,.,.,0.183814597049968,0.3360016014593621
9,37537684,G,A,T,I,282,.,9,37537681,9,37527681,FBXO10,ENSG00000147912,ENST00000432825,ENSP00000403802,.,.,FBX10_HUMAN,0.327,0.13339,0.391,0.15675,0.0,0.02950,0.0,0.01384,.,.,-0.345,0.03334,-0.75,0.20943,0.113,0.10018,-1.0239,0.22397,0.0398,0.17017,0.059431225,0.07127,0.004343,0.10311,0.085,0.24571,0.265,0.20996,0.204665344411,0.19707,0.29102055841930335,0.28817,0.316401649141,0.33603,0.291798293591,0.09179,0.020813,0.16200,-0.357412,0.04113,-0.751174,0.03279,0.0416686549665838,0.03961,0.587941,0.21248,0.021017812,0.00682,0.028584389,0.01115,0.021017812,0.00681,0.028584389,0.01115,-4.082,0.25048,0.0847,0.10157,3.82423808625898e-05,0.01625,0.00098176,0.15328,0.01,0.00669,1.694856,0.2163,0.7464835771583372,0.10949,0.049613,0.08449,-0.968198943583348,0.09177,-0.896341722010661,0.11970,.,.
9,37541630,G,A,Q,X,47,.,9,37541627,9,37531627,FBXO10,ENSG00000147912,ENST00000432825,ENSP00000403802,.,.,FBX10_HUMAN,.,.,.,.,.,.,.,.,.,.,.,.,.,.,0.426,0.46309,.,.,.,.,.,.,.,.,.,.,.,.,.,.,.,.,.,.,.,.,.,.,0.619807,0.98328,0.652534,0.983,.,.,.,.,.,.,.,.,.,.,.,.,.,.,.,.,.,.,.,.,.,.,8.985145,0.98304,0.9979483632147716,0.88027,0.268619,0.38306,1.12827792451242,0.98617,0.987365852483795,0.98359,.,.
5,37815823,G,A,T,M,155,rs200174030,5,37815925,5,37851682,GDNF,ENSG00000168621,ENST00000326524,ENSP00000317145,4.570050e-05,6.381840e-05,GDNF_HUMAN,0.175,0.22514,0.209,0.27098,0.002,0.16880,0.003,0.14938,0.12,0.38685,1.39,0.34781,-1.09,0.29690,0.067,0.12851,-0.7435,0.58097,0.3576,0.71881,0.09341943,0.16373,0.01038,0.26579,0.088,0.25383,.,.,0.449421072434,0.44184,.,0.50032,.,0.49641,0.286587864161,0.08424,0.713209,0.91759,-0.282671,0.10155,-0.395505,0.33547,0.0293989971708223,0.01887,0.865313,0.59295,0.08362463,0.19143,0.112321645,0.27039,0.08362463,0.19143,0.112321645,0.27039,-7.155,0.59765,0.0592,0.02289,0.0164494996374447,0.27856,0.00377069,0.29961,0.053,0.14148,1.61379,0.2065,0.8913263521465788,0.1879,0.09111,0.18253,-0.72680111913478,0.15084,-0.648697927094839,0.17959,.,.
9,36219838,C,T,E,K,606,rs547919665,9,36219835,9,36209835,GNE,ENSG00000159921,ENST00000642385,ENSP00000494141,1.828090e-05,2.478690e-06,GLCNE_HUMAN,.,0.56615,.,0.31445,0.181,0.31995,0.014,0.25680,.,.,1.95,0.52299,.,0.19232,.,0.35806,1.0931,0.99364,0.9751,0.99221,0.51383686,0.61936,0.689368,0.97435,.,0.85019,0.432,0.48029,.,0.99264,.,0.83730,.,0.68064,0.814339160919,0.84130,0.698402,0.91209,0.281327,0.81293,0.402999,0.92151,0.35170586265606,0.26786,0.984202,0.94624,0.6986736,0.77731,0.53260463,0.72737,0.6986736,0.77732,0.53260463,0.72738,-4.704,0.33492,0.1013,0.33619,0.995313476146869,0.91243,0.99894804,0.99055,0.921,0.95990,5.627951,0.92662,0.9977738691703768,0.86444,0.927232,0.90925,0.284220354977397,0.55120,0.416838468527727,0.62412,.,.
9,3937120,C,T,E,K,594,rs1825943481,9,3937120,9,3927120,GLIS3,ENSG00000107249,ENST00000381971,ENSP00000371398,.,4.337150e-06,GLIS3_HUMAN,0.0,0.91343,0.0,0.92967,1.0,0.90580,0.988,0.84488,0.59,0.76851,.,0.56564,-3.88,0.72746,0.898,0.89792,-0.9257,0.44567,0.1657,0.50194,0.8403294,0.83012,0.065799,0.69579,0.476,0.76693,.,0.38849,0.850036502635,0.84741,0.6054027954594035,0.60293,0.215912621999,0.23836,0.913931071758,0.97826,.,0.82344,0.192803,0.73022,0.0391721,0.72672,0.993448317050934,0.84119,0.874113,0.58566,.,0.83680,.,0.88355,.,0.83682,.,0.88356,-14.394,0.94278,0.9597,0.88412,.,0.92358,0.16820337,0.71484,0.787,0.88213,5.261504,0.8836,0.999296284279277,0.99279,0.902713,0.85037,0.845856030058735,0.88809,0.855873111133503,0.93318,.,.
9,4118820,C,T,A,T,220,.,9,4118820,9,4108820,GLIS3,ENSG00000107249,ENST00000381971,ENSP00000371398,.,6.219460e-07,GLIS3_HUMAN,0.539,0.07399,0.547,0.09674,0.001,0.07480,0.003,0.08696,0.01,0.05039,.,0.13211,-0.03,0.25284,0.061,0.03277,-0.9322,0.43626,0.0138,0.05415,0.05213201,0.05197,0.002041,0.03552,0.046,0.12499,.,0.02035,0.407767136052,0.40001,0.295742921557461,0.29288,0.025904314707,0.02563,0.285801738501,0.08311,.,0.26232,-0.295236,0.08897,-0.661862,0.07924,0.0843384841324298,0.10401,0.784922,0.43954,.,0.03763,.,0.10120,.,0.03763,.,0.10119,-3.802,0.20852,0.067,0.03900,.,0.21106,0.00070500,0.12117,0.006,0.00194,0.57707,0.09479,0.9639178397267216,0.29859,0.09584,0.1915,-0.747251330038757,0.14530,-0.596042527505096,0.19295,.,.
1,109737118,G,A,P,S,211,.,1,110279740,1,110081263,GSTM3,ENSG00000134202,ENST00000361066,ENSP00000354357,.,3.718280e-06,GSTM3_HUMAN,0.0,0.91343,0.041,0.50866,0.998,0.73231,0.947,0.68403,0.7,0.82410,3.015,0.85979,-6.46,0.91456,0.56,0.60035,-0.9877,0.33057,0.0810,0.31810,0.9157406,0.90834,0.030584,0.52678,0.492,0.77729,0.8,0.91903,0.449187354989,0.44158,.,0.82734,.,.,0.525352478027,0.42319,0.287824,0.65871,0.106759,0.64765,-0.0844241,0.64328,0.995006478398497,0.86558,0.950905,0.81235,0.9001142,0.91269,0.76948756,0.86220,0.9001142,0.91270,0.76948756,0.86220,-8.746,0.66124,0.9351,0.85425,0.0187015219660015,0.28901,0.14762694,0.70268,0.78,0.87822,4.977765,0.82466,0.9988602324307174,0.96129,0.906573,0.859,1.0021236384857,0.95786,0.948231041943894,0.97335,.,.
9,712804,G,A,V,M,680,rs1826544288,9,712804,9,702804,KANK1,ENSG00000107104,ENST00000382297,ENSP00000371734,.,.,KANK1_HUMAN,0.036,0.43552,0.053,0.49742,0.059,0.23066,0.046,0.24678,.,.,1.93,0.51259,-1.0,0.26376,0.126,0.137,-1.0243,0.22266,0.0670,0.27391,0.052302122,0.05240,0.00662,0.17201,0.086,0.24843,0.085,0.00824,0.0551355673512,0.04533,.,0.45349,.,.,0.348252117634,0.17646,0.031049,0.21634,-0.227484,0.16693,-0.564542,0.15662,0.315925478356485,0.25365,.,0.44377,0.050363712,0.09004,0.07508641,0.16480,0.050363712,0.09003,0.07508641,0.16480,-5.019,0.37529,0.0894,0.16120,0.0133505721090553,0.26190,0.00528377,0.33858,0.033,0.07179,2.478514,0.32017,0.994621720167832,0.65885,0.173449,0.29839,-0.35648171945703,0.26757,-0.34283705181796,0.26412,.,.
9,5906979,A,G,E,G,90,rs762931882,9,5906979,9,5896979,MLANA,ENSG00000120215,ENST00000381477,ENSP00000370886,0.000000e+00,.,MAR1_HUMAN,0.015,0.52650,0.019,0.59495,1.0,0.90580,0.993,0.81117,.,.,2.255,0.63995,-4.83,0.80975,0.416,0.45367,-0.0940,0.80147,0.3465,0.71010,0.3044837,0.47592,0.007839,0.20524,0.221,0.51503,0.171,0.07609,0.267755039894,0.25989,0.43887519787943696,0.43604,0.740148035637,0.62970,0.357290655375,0.18971,0.700311,0.91281,0.131583,0.67281,-0.0487665,0.66871,0.984820187091827,0.75834,.,0.14271,0.39278555,0.59904,0.43488568,0.66737,0.39278555,0.59904,0.43488568,0.66737,-3.938,0.22894,.,0.06600,0.237845135814631,0.51699,0.70755520,0.86240,0.331,0.59433,3.737271,0.53578,0.9987316249633869,0.95079,0.607746,0.59615,0.59886592876895,0.72961,0.570976994903174,0.72719,.,.
19,12858407,G,A,D,N,375,rs368712318,19,12969221,19,12830221,MAST1,ENSG00000105613,ENST00000251472,ENSP00000251472,9.140430e-06,3.717460e-06,MAST1_HUMAN,0.028,0.46288,0.003,0.76775,0.179,0.29013,0.067,0.27544,.,.,0.835,0.20930,-2.18,0.49201,0.164,0.21566,-1.0834,0.06716,0.0567,0.23702,0.18808025,0.33973,0.006307,0.16310,0.059,0.16832,.,.,0.64886688665,0.64321,0.3646351654987774,0.36175,.,.,0.494514554739,0.38013,0.347649,0.71401,-0.390416,0.02535,-0.561913,0.15905,0.531432330608368,0.33475,0.966703,0.91293,0.11677503,0.27294,0.11589415,0.27913,0.11677503,0.27294,0.11589415,0.27912,-7.431,0.57194,0.1648,0.40956,0.0289409552081927,0.32518,0.01615644,0.46924,0.13,0.34655,4.392829,0.67868,0.9983261086763762,0.91377,0.712152,0.66415,-0.0331702116336724,0.40090,0.0902250165943533,0.43775,.,.
4,40121769,A,G,I,V,1220,rs1717946042,4,40123389,4,39799784,N4BP2,ENSG00000078177,ENST00000261435,ENSP00000261435,.,2.478310e-06,N4BP2_HUMAN,0.351,0.12337,0.821,0.03879,0.0,0.02950,0.001,0.04348,0.02,0.08015,-0.09,0.04751,-0.16,0.09401,0.018,0.00244,-1.0797,0.07421,0.0516,0.21765,0.040990353,0.02718,0.002061,0.03604,0.037,0.09373,0.128,0.03309,0.178374595973,0.17073,0.1878757306256762,0.18527,0.0652368688882,0.07122,0.254893153906,0.04303,1.43E-4,0.00020,-0.38564,0.02726,-0.791721,0.01979,0.0840488150715828,0.10366,0.311769,0.05986,0.021765448,0.00794,0.02036707,0.00134,0.021765448,0.00794,0.02036707,0.00134,-2.976,0.09935,0.0623,0.01348,3.71704205581022e-05,0.01625,0.00153631,0.19941,0.118,0.32131,-1.9547,0.00112,0.2506029286775622,0.01133,0.046677,0.07649,-1.19022313122771,0.05088,-1.44178687521888,0.02806,.,.
9,5534796,G,A,S,N,36,.,9,5534796,9,5524796,PDCD1LG2,ENSG00000197646,ENST00000397747,ENSP00000380855,.,.,PD1L2_HUMAN,0.058,0.37901,0.0,0.92967,0.998,0.73231,0.991,0.79680,0.23,0.47954,2.555,0.74371,-2.49,0.54240,0.139,0.137,-1.0662,0.10282,0.0377,0.16122,0.4482507,0.58198,0.007604,0.19892,0.167,0.42540,0.529,0.63437,0.70808447705,0.70322,0.5439660243241087,0.54132,0.149573838096,0.16598,0.40819054842,0.26176,0.169109,0.51391,-0.255369,0.13185,-0.604596,0.12166,0.940781474113464,0.61111,0.683132,0.28891,0.39971617,0.60388,0.36471605,0.61593,0.39971617,0.60388,0.36471605,0.61593,-9.577,0.71417,0.1265,0.26951,0.025551342732206,0.31474,0.00808576,0.38832,0.243,0.51282,3.810933,0.55043,0.99411581386245,0.63361,0.397389,0.47169,0.559071932515959,0.70480,0.518866839888263,0.69092,.,.
11,290566,G,A,D,N,146,.,11,290566,11,280566,PGGHG,ENSG00000142102,ENST00000409548,ENSP00000387185,.,.,PGGHG_HUMAN,0.277,0.15753,0.173,0.30851,0.342,0.33508,0.063,0.29100,.,.,.,.,-1.3,0.32562,0.129,0.45556,-1.0130,0.25904,0.1251,0.42776,0.12875041,0.24198,0.052565,0.64991,0.117,0.32487,0.303,0.27037,0.265010934533,0.25706,0.3262528412054029,0.32338,0.118775379287,0.13130,0.598767518997,0.52664,0.016678,0.13654,-0.245297,0.14407,-0.590128,0.13383,0.241847723722458,0.22235,0.777722,0.40911,0.08546943,0.19647,0.090614006,0.21227,0.08546943,0.19647,0.090614006,0.21226,-5.181,0.38794,0.0825,0.15808,0.0290889739637895,0.32558,0.00079586,0.13242,0.041,0.09987,2.629137,0.34245,0.9985922124418248,0.93824,0.305436,0.41091,-0.172332721897103,0.34013,-0.112400019997725,0.34582,.,.
11,608889,C,T,R,W,1145,rs577737445,11,608889,11,598889,PHRF1,ENSG00000070047,ENST00000264555,ENSP00000264555,5.559570e-05,1.612730e-05,PHRF1_HUMAN,0.026,0.47069,0.004,0.74454,0.671,0.44237,0.082,0.35300,0.02,0.08015,1.67,0.42718,-4.79,0.80627,0.247,0.30476,-1.0387,0.17694,0.0280,0.11917,0.04636666,0.03821,0.019958,0.42219,0.014,0.01935,0.335,0.32191,0.0675242888579,0.05873,0.1792046886075785,0.17663,.,0.44696,0.272746324539,0.06501,0.256823,0.62569,-0.410939,0.01844,-0.563633,0.15745,0.11492983377132,0.13751,0.714229,0.32419,0.069088526,0.14969,0.086585365,0.20043,0.069088526,0.14968,0.086585365,0.20042,-7.323,0.56429,0.0961,0.30846,0.0224567688429194,0.30400,0.00046838,0.08516,0.221,0.48777,1.923819,0.2448,0.996754787128834,0.78934,0.257316,0.37404,-0.845466118090807,0.12015,-0.941498505607829,0.10931,.,.
19,4028554,C,T,P,L,209,.,19,4028552,19,3979552,PIAS4,ENSG00000105229,ENST00000262971,ENSP00000262971,.,.,PIAS4_HUMAN,0.0,0.91343,0.0,0.92967,1.0,0.90580,0.991,0.79680,.,.,2.165,0.60375,-9.3,0.98317,0.967,0.97765,0.8332,0.94804,0.8188,0.93887,0.9631765,0.95707,0.361278,0.92502,0.924,0.98114,0.786,0.90870,0.957849119922,0.95703,0.9046805349980788,0.90381,1.79356630944,0.91506,0.84791713953,0.89281,0.604237,0.87244,0.45633,0.92705,0.41771,0.92616,0.999708116054535,0.98567,0.997217,0.98920,0.86617655,0.88404,0.7039961,0.82350,0.86617655,0.88406,0.7039961,0.82351,-11.364,0.81673,0.997,0.96650,0.998450842051567,0.94483,0.49887416,0.81865,0.942,0.97259,5.628903,0.92669,0.998979612392176,0.9705,0.896624,0.8373,0.795653085460535,0.85756,0.737150000207928,0.85114,.,.
11,804192,A,C,F,C,66,.,11,804192,11,794192,PIDD1,ENSG00000177595,ENST00000347755,ENSP00000337797,.,.,PIDD1_HUMAN,0.002,0.72322,0.003,0.79703,0.999,0.90580,0.921,0.71005,.,.,3.03,0.86272,-2.34,0.51830,0.757,0.75453,-0.9575,0.39473,0.0719,0.29009,0.78921425,0.78299,0.098984,0.76960,0.286,0.60256,0.632,0.76717,0.53046153047,0.52349,0.4253677547867909,0.42251,0.31874087075,0.33796,0.579654157162,0.49971,0.326777,0.69558,-0.0395129,0.45685,-0.294534,0.4496,0.980884075164795,0.73417,0.843416,0.51895,0.22674936,0.45035,0.24828033,0.50184,0.22674936,0.45035,0.24828033,0.50183,-7.834,0.60494,0.779,0.78144,0.208418694436429,0.50336,0.00612671,0.35577,0.209,0.47298,4.027377,0.59602,0.991904105165653,0.55038,0.663295,0.63154,0.395836990074148,0.60993,0.374021865364955,0.59754,.,.
19,813355,C,T,E,K,458,.,19,813355,19,764355,PLPPR3,ENSG00000129951,ENST00000520876,ENSP00000430297,.,1.010960e-05,PLPR3_HUMAN,0.587,0.05898,0.87,0.03376,0.049,0.31916,0.028,0.26718,0.03,0.13669,.,.,-0.65,0.18812,0.212,0.2865,-1.0161,0.24917,0.0292,0.12441,0.05949557,0.07146,0.025366,0.48134,0.074,0.21454,0.094,0.01187,0.267755039894,0.25989,.,0.27295,.,0.47688,0.799498677254,0.81854,0.01256,0.10954,-0.220535,0.17623,-0.55456,0.16592,0.0912684818036311,0.11224,0.578142,0.20564,0.11773879,0.27506,0.07230903,0.15575,0.11773879,0.27506,0.07230903,0.15575,-9.595,0.72723,0.1154,0.27586,0.0691593190945269,0.40018,0.00391027,0.30351,0.089,0.25085,1.979178,0.25186,0.9525448020752236,0.26743,0.09039,0.18113,-0.715365173900203,0.15399,-0.7184969496663,0.16226,.,.
17,47579509,G,A,E,K,180,.,17,45656875,17,43011874,NPEPPS,ENSG00000141279,ENST00000322157,ENSP00000320324,.,.,PSA_HUMAN,0.002,0.78662,0.004,0.74454,1.0,0.90580,0.997,0.86259,.,.,4.175,0.97658,-3.47,0.72631,0.931,0.9385,-0.2297,0.76791,0.1609,0.49401,0.87730384,0.86885,0.101843,0.77426,0.547,0.81097,0.714,0.84890,0.561097471998,0.55441,0.9865855940161881,0.98647,3.37465409467,0.99679,0.884539604187,0.94557,0.33293,0.70108,0.264482,0.79795,0.142133,0.79532,0.998452663421631,0.94146,.,0.89811,0.79815173,0.83582,0.7096415,0.82673,0.79815173,0.83583,0.7096415,0.82674,-14.513,0.94615,0.9973,0.96856,0.990194243063822,0.88481,0.68466216,0.85754,0.825,0.90346,6.14463,0.94669,0.9990351670286292,0.97503,0.930402,0.91736,1.09859937934241,0.98097,0.981006318490123,0.98216,.,.
19,804058,G,T,K,N,46,.,19,804058,19,755058,PTBP1,ENSG00000011304,ENST00000356948,ENSP00000349428,.,.,PTBP1_HUMAN,0.001,0.78662,0.028,0.56104,0.159,0.32591,0.111,0.41566,.,.,2.52,0.73336,-4.15,0.75566,0.57,0.60801,-0.9688,0.37294,0.1091,0.39226,0.2699111,0.44132,0.13611,0.81807,0.066,0.19044,0.353,0.35104,0.819295629055,0.81616,0.6789664221692944,0.67676,0.679172418176,0.59653,0.685522139072,0.65004,0.542182,0.84202,0.017431,0.53722,-0.212738,0.53117,0.982969880104065,0.74632,0.885811,0.61063,0.8530265,0.87392,0.5924779,0.76104,0.8530265,0.87394,0.5924779,0.76105,-13.845,0.92635,0.9632,0.90248,0.994988513280789,0.91010,0.01110868,0.42557,0.521,0.72793,3.921168,0.57325,0.9958768879609639,0.73427,0.600258,0.59151,-0.200620207270734,0.32831,-0.136777225651981,0.33612,.,.
19,619609,G,A,R,W,1015,rs751370183,19,619609,19,570609,POLRMT,ENSG00000099821,ENST00000588649,ENSP00000465759,9.161030e-05,4.779570e-05,RPOM_HUMAN,.,.,0.002,0.79703,1.0,0.90580,0.993,0.81117,0.3,0.55288,3.06,0.86793,.,.,0.519,0.54704,-0.4944,0.68712,0.2532,0.62168,0.68774545,0.71407,0.235153,0.88414,.,.,0.541,0.65184,0.700564330151,0.69560,0.6250689894399025,0.62266,0.202593536193,0.22402,0.335541069508,0.15755,0.334177,0.70219,-0.208216,0.19321,-0.206863,0.53681,0.7438023686409,0.42648,0.967203,0.88094,0.8437342,0.86701,0.7067741,0.82509,0.8437342,0.86703,0.7067741,0.82510,-9.8,0.72784,0.1304,0.28119,0.582006484659618,0.63269,0.02536043,0.52075,0.315,0.58113,4.801829,0.78068,0.9982166755944119,0.90422,0.724532,0.67262,0.184505635453849,0.50212,0.0277532189891771,0.40719,.,.
5,1432687,T,C,T,A,144,.,5,1432802,5,1485802,SLC6A3,ENSG00000142319,ENST00000270349,ENSP00000270349,.,.,SC6A3_HUMAN,1.0,0.00968,1.0,0.01173,0.003,0.11208,0.009,0.14297,.,.,-0.985,0.01194,0.71,0.02114,0.344,0.38296,-0.9797,0.34940,0.0803,0.31604,0.1015715,0.18368,0.014494,0.34385,0.067,0.19353,0.595,0.72391,0.293707238958,0.28564,0.5290424093603594,0.52637,0.584187970407,0.53818,0.471867829561,0.34892,0.143004,0.47604,-0.138098,0.29837,-0.436145,0.28883,0.0567766151429164,0.06580,0.737326,0.35151,0.08348332,0.19105,0.054588854,0.09431,0.08348332,0.19105,0.054588854,0.09430,-5.358,0.40562,0.0897,0.12569,0.131499758261902,0.45854,0.91829780,0.91900,0.018,0.02411,1.4686,0.18951,0.2232825144907154,0.00888,0.096255,0.19228,-0.834281006746804,0.12290,-0.611497829974662,0.18900,.,.
9,2161740,C,T,R,X,1346,.,9,2161740,9,2151740,SMARCA2,ENSG00000080503,ENST00000349721,ENSP00000265773,.,6.196810e-07,SMCA2_HUMAN,.,.,.,.,.,.,.,.,0.98,0.98441,.,.,.,.,0.907,0.97658,.,.,.,.,.,.,.,.,.,.,.,.,.,.,.,.,.,.,.,.,.,.,0.595077,0.97484,0.61701,0.97444,.,.,.,.,.,.,.,.,.,.,.,.,.,.,.,.,.,.,.,.,.,.,8.045331,0.97126,0.9981085821455036,0.8945,0.268632,0.38307,0.514060557150747,0.67751,0.331204536202453,0.57156,.,.
18,2763713,A,G,D,G,1548,.,18,2763711,18,2753711,SMCHD1,ENSG00000101596,ENST00000320876,ENSP00000326603,.,.,SMHD1_HUMAN,0.207,0.19959,0.475,0.12257,0.992,0.64752,0.778,0.57206,.,.,1.7,0.43657,-1.38,0.34175,0.533,0.55921,-0.8301,0.53107,0.1045,0.38106,0.40585992,0.55538,0.042516,0.60353,0.165,0.42174,0.203,0.11731,0.580656232309,0.57419,0.6672667853968536,0.66501,0.325713133876,0.34428,0.522774577141,0.41957,0.193397,0.54663,0.163994,0.70354,-0.0022101,0.69974,0.717964708805084,0.41296,0.779722,0.41229,0.10272623,0.24059,0.10442495,0.25029,0.10272623,0.24059,0.10442495,0.25028,-3.453,0.15793,0.1433,0.31610,0.290164767670407,0.53846,0.74263150,0.87002,0.082,0.23159,4.676984,0.74861,0.9507220120630728,0.26344,0.434292,0.49367,0.430139967927741,0.62895,0.394728695124464,0.61030,.,.
2,218679688,A,G,T,A,303,.,2,219544411,2,219252655,STK36,ENSG00000163482,ENST00000295709,ENSP00000295709,.,.,STK36_HUMAN,0.31,0.18662,0.352,0.17608,0.0,0.07480,0.002,0.11213,.,.,0,0.06502,-0.35,0.13346,0.108,0.1115,-0.9092,0.46754,0.1716,0.51149,0.070014596,0.10078,0.023754,0.46519,0.117,0.32487,0.267,0.21310,0.661913004606,0.65642,0.27180177157748275,0.26898,0.165460898947,0.18387,0.217380955815,0.01167,0.085412,0.37220,-0.219645,0.17744,-0.553282,0.16714,0.0497644729912281,0.05405,.,0.24194,0.050503116,0.09050,0.047700454,0.06942,0.050503116,0.09049,0.047700454,0.06941,-3.003,0.10343,0.0665,0.03034,0.00223471700147018,0.13691,0.00045230,0.08342,0.024,0.04173,1.719019,0.21925,0.898299728073947,0.19392,0.109616,0.21556,-0.576446459094795,0.19424,-0.395742110636152,0.24806,.,.
6,32084548,G,A,Q,X,1104,.,6,32052325,6,32160303,TNXB,ENSG00000168477,ENST00000644971,ENSP00000496448,.,.,TENX_HUMAN,.,.,.,.,.,.,.,.,.,.,.,.,.,.,.,0.74074,.,.,.,.,.,.,.,.,.,.,.,.,.,.,.,.,.,.,.,.,.,.,0.349873,0.86399,0.264792,0.86221,.,.,.,.,.,.,.,.,.,.,.,.,.,.,.,.,.,.,.,.,.,.,6.921589,0.95922,0.9961545310550372,0.75081,0.163521,0.28767,0.250671972841961,0.53439,-0.0311871839091623,0.38017,.,.
7,151082209,C,T,A,T,119,rs1585018489,7,150779296,7,150410229,TMUB1,ENSG00000164897,ENST00000297533,ENSP00000297533,.,6.552750e-07,TMUB1_HUMAN,0.036,0.52012,0.121,0.37375,0.1,0.25730,0.022,0.19653,.,.,1.085,0.27120,-1.46,0.43529,0.388,0.42682,-0.9805,0.34756,0.1133,0.40208,0.20227605,0.35959,0.021194,0.43705,0.077,0.22328,0.379,0.39338,0.398133443147,0.39032,.,0.38776,.,0.32190,0.719308912754,0.69894,0.035424,0.23454,-0.114565,0.33658,-0.402341,0.32752,0.658551184218007,0.38525,.,0.62021,0.20793217,0.42694,0.12882774,0.30906,0.20793217,0.42694,0.12882774,0.30905,-5.18,0.38784,.,0.67458,0.0791189908162079,0.41212,0.01284966,0.44260,0.203,0.46526,4.208457,0.63629,0.9977361883506144,0.861,0.746109,0.68744,-0.0201111998820213,0.40681,0.134135416648144,0.46033,.,.
9,6475450,T,C,I,T,308,.,9,6475450,9,6465450,UHRF2,ENSG00000147854,ENST00000276893,ENSP00000276893,.,.,UHRF2_HUMAN,0.025,0.47480,0.035,0.70891,0.87,0.47843,0.542,0.48915,.,.,2.54,0.73893,-3.87,0.74928,0.738,0.73708,0.5484,0.91180,0.7101,0.90008,0.6622995,0.69957,0.340499,0.91984,0.715,0.89834,0.393,0.41625,0.768462577861,0.76451,0.9838969923317096,0.98375,1.79161734065,0.91478,0.654426276684,0.60552,0.295674,0.68526,0.263368,0.7969,0.140533,0.79427,0.993599057197571,0.84330,0.89791,0.89277,0.4641597,0.64615,0.32065082,0.57793,0.4641597,0.64615,0.32065082,0.57792,-8.497,0.64485,0.4269,0.60982,0.702865877654543,0.67125,0.05766783,0.60988,0.523,0.72919,4.399867,0.68033,0.9984947979642578,0.9293,0.85244,0.7685,0.541656586614435,0.69414,0.575228869280576,0.73021,.,.
