#chr,pos(1-based),ref,alt,aaref,aaalt,aapos,rs_dbSNP,hg19_chr,hg19_pos(1-based),hg18_chr,hg18_pos(1-based),genename,Ensembl_geneid,Ensembl_transcriptid,Ensembl_proteinid,gnomAD2.1.1_exomes_controls_AF,gnomAD4.1_joint_AF,SIFT_score,SIFT_converted_rankscore,SIFT4G_score,SIFT4G_converted_rankscore,Polyphen2_HDIV_score,Polyphen2_HDIV_rankscore,Polyphen2_HVAR_score,Polyphen2_HVAR_rankscore,MutationTaster_score,MutationTaster_converted_rankscore,MutationAssessor_score,MutationAssessor_rankscore,PROVEAN_score,PROVEAN_converted_rankscore,VEST4_score,VEST4_rankscore,MetaSVM_score,MetaSVM_rankscore,MetaLR_score,MetaLR_rankscore,MetaRNN_score,MetaRNN_rankscore,M-CAP_score,M-CAP_rankscore,REVEL_score,REVEL_rankscore,MutPred_score,MutPred_rankscore,MVP_score,MVP_rankscore,gMVP_score,gMVP_rankscore,MPC_score,MPC_rankscore,PrimateAI_score,PrimateAI_rankscore,DEOGEN2_score,DEOGEN2_rankscore,BayesDel_addAF_score,BayesDel_addAF_rankscore,BayesDel_noAF_score,BayesDel_noAF_rankscore,ClinPred_score,ClinPred_rankscore,LIST-S2_score,LIST-S2_rankscore,VARITY_R_score,VARITY_R_rankscore,VARITY_ER_score,VARITY_ER_rankscore,VARITY_R_LOO_score,VARITY_R_LOO_rankscore,VARITY_ER_LOO_score,VARITY_ER_LOO_rankscore,ESM1b_score,ESM1b_rankscore,AlphaMissense_score,AlphaMissense_rankscore,PHACTboost_score,PHACTboost_rankscore,MutFormer_score,MutFormer_rankscore,MutScore_score,MutScore_rankscore,CADD_raw_score,CADD_raw_rankscore,DANN_score,DANN_rankscore,fathmm-XF_coding_score,fathmm-XF_coding_rankscore,Eigen-raw_coding_score,Eigen-raw_coding_rankscore,Eigen-PC-raw_coding_score,Eigen-PC-raw_coding_rankscore
11,418794,G,T,P,T,686,rs1395482097,11,418794,11,408794,ANO9,ENSG00000185101,ENST00000332826,ENSP00000332788,.,6.198280e-07,0.03,0.45552,0.208,0.27183,0.016,0.17346,0.016,0.17739,.,.,1.53,0.38641,-3.44,0.67509,0.101,0.08341,-0.8571,0.51277,0.2447,0.61181,0.29084843,0.46281,0.264837,0.89627,0.084,0.24298,0.72,0.85426,0.237489013734,0.22946,0.4686855214345738,0.46589,0.268900675792,0.29106,0.300139158964,0.10415,0.311805,0.68188,-0.165355,0.25596,-0.475297,0.24601,0.058052741161475,0.06784,0.741926,0.35902,0.030788446,0.02780,0.041271158,0.04668,0.030788446,0.02779,0.041271158,0.04668,-4.633,0.32621,0.0895,0.12474,0.00324401108815767,0.15961,0.00071599,0.12247,0.012,0.01018,0.534677,0.09062,0.92411430527595639,0.22077,0.048671,0.08194,-0.84979016571217,0.11910,-0.95300147234837,0.10668
11,498026,C,T,V,M,358,rs746696140,11,498026,11,488026,RNH1,ENSG00000023191,ENST00000354420,ENSP00000346402,2.742480e-05,2.973970e-05,0.002;0.002;0.002;0.002;0.002;0.061;0.002;0.002;0.002,0.72322,0.027;0.027;0.027;0.027;0.027;0.011;0.027;0.027;0.027,0.65108,0.994;0.994;0.994;0.994;0.994;.;0.994;0.994;0.994,0.66535,0.593;0.593;0.593;0.593;0.593;.;0.593;0.593;0.593,0.50534,0.12;0.12;0.12;0.12;0.12;.;0.12;0.12;0.12,0.31989,2.37;2.37;2.37;2.37;2.37;.;2.37;2.37;2.37,0.68084,-2.29;-2.29;-2.29;-2.29;-2.29;-1.6;-2.29;-2.29;-2.29,0.51010,0.276;0.269;0.362;0.359;0.36;.;0.359;0.36;0.36,0.40116,-0.9165,0.45828,0.1855,0.53311,0.5412266;0.5412266;0.5412266;0.5412266;0.5412266;0.5412266;0.5412266;0.5412266;0.5412266,0.63425,0.045215,0.61727,0.242;0.242;0.242;0.242;0.242;0.242;0.242;0.242;0.242,0.54567,0.755;0.755;0.755;0.755;0.755;.;0.755;0.755;0.755,0.88426,0.597428455468;0.597428455468;0.597428455468;0.597428455468;0.597428455468;0.597428455468;0.597428455468;0.597428455468;0.597428455468,0.59115,0.4242499186063008;.;.;.;.;.;.;.;.,0.42139,0.233562834944;.;.;.;.;.;.;.;.,0.25597,0.462474942207,0.33607,0.077807;0.077807;0.077807;0.077807;0.077807;0.014775;0.077807;0.077807;0.077807,0.35478,-0.209761,0.19106,-0.357555,0.37980,0.247262388467789,0.22479,.;.;.;.;.;0.724828;.;.;0.732227,0.34551,0.25914177;0.25914177;0.25914177;0.25914177;0.25914177;.;0.25914177;0.25914177;0.25914177,0.48635,0.17572924;0.17572924;0.17572924;0.17572924;0.17572924;.;0.17572924;0.17572924;0.17572924,0.39925,0.25914177;0.25914177;0.25914177;0.25914177;0.25914177;.;0.25914177;0.25914177;0.25914177,0.48635,0.17572924;0.17572924;0.17572924;0.17572924;0.17572924;.;0.17572924;0.17572924;0.17572924,0.39925,-5.818;-5.818;-5.818;-5.818;-5.818;.;-5.818;-5.818;-5.818,0.44787,.;.;.;.;.;0.3198;.;0.1916;0.1897,0.54464,0.00631561277904245;0.00631561277904245;0.00631561277904245;0.00631561277904245;0.00631561277904245;.;0.00631561277904245;0.00631561277904245;0.00631561277904245,0.20499,0.01484735,0.45946,0.149,0.38269,1.517079,0.19513,0.99373962125310933,0.61639,0.111176,0.21808,-0.288656672930162,0.29305,-0.521887125476586,0.21249
11,800598,C,T,M,I,662,.,11,800598,11,790598,PIDD1,ENSG00000177595,ENST00000347755,ENSP00000337797,.,.,0.366;0.109,0.29423,0.277;0.276,0.22220,0.004;0.003,0.12194,0.004;0.008,0.13705,.;.,.,1.245;1.245,0.31258,-1.01;-1.03,0.27007,0.229;0.287,0.32259,-1.0542,0.13256,0.0533,0.22419,0.06690773;0.06690773,0.09210,0.015841,0.36542,0.025;0.025,0.05242,0.227;0.227,0.15175,0.321672782286;0.321672782286,0.31353,.;0.48113496349147283,0.47837,.;0.0426891439191,0.04468,0.554488182068,0.46423,.;0.217481,0.57782,-0.181702,0.23151,-0.498779,0.22140,0.132796943187714,0.15441,0.810419;0.810419,0.46002,.;0.15402229,0.34594,.;0.13208434,0.31619,.;0.15402229,0.34593,.;0.13208434,0.31618,-8.207;-9.02,0.67904,0.452;0.5442,0.66482,.;0.0481462527291588,0.36853,0.01627817,0.47009,0.077,0.21727,2.324473,0.29823,0.96079493924634429,0.28862,0.399135,0.47275,-0.555901392415121,0.20055,-0.458537804924339,0.22990
19,3976683,G,C,H,Q,816,.,19,3976681,19,3927681,EEF2,ENSG00000167658,ENST00000309311,ENSP00000307940,.,.,0.0,0.91343,0.05,0.48432,0.997,0.70687,0.995,0.83178,.,.,3.855,0.95736,-6.16,0.90233,0.812,0.80700,0.1944,0.85753,0.5450,0.83207,0.8854335,0.87736,0.105346,0.77972,0.562,0.81969,0.743,0.87423,0.792132071803,0.78855,0.9218601208276073,0.92113,.,.,0.836631298065,0.87558,0.445727,0.78705,0.220806,0.75670,0.0793959,0.75354,0.998541116714478,0.94400,0.975102,0.91215,0.8959868,0.90899,0.81885624,0.89329,0.8959868,0.90900,0.81885624,0.89330,-11.895,0.84380,0.9801,0.91138,0.999885123277886,0.98571,0.94854385,0.93295,0.691,0.82854,4.779352,0.77499,0.99481995031031079,0.67002,0.636988,0.61456,0.762244242502804,0.83612,0.630724618266049,0.77056
19,40580566,G,C,G,A,188,.,19,41086472,19,45778312,SHKBP1,ENSG00000160410,ENST00000291842,ENSP00000291842,.,.,.;.;.,.,0.089;0.107;0.105,0.40770,.;0.999;.,0.77914,.;0.992;.,0.80453,.;.;.,.,.;2.045;.,0.55836,.;-1.98;.,0.45778,0.248;0.203;.,0.27835,-0.7654,0.56931,0.2308,0.59502,0.28960097;0.28960097;0.28960097,0.46157,0.024261,0.47034,.;0.139;.,0.37176,0.256;0.256;.,0.19587,0.693011125852;0.693011125852;0.693011125852,0.68794,.;0.38059812174657587;.,0.37771,.;0.590322146644;.,0.54209,0.653426766396,0.60410,0.026585;0.110279;0.073682,0.42187,-0.0235998,0.48009,-0.271676,0.47316,0.758476674556732,0.43470,0.828317;0.827017;0.829317,0.49278,.;0.44033235;.,0.63104,.;0.49152043;.,0.70327,.;0.44033235;.,0.63105,.;0.49152043;.,0.70327,.;-3.823;.,0.21167,0.1095;0.0814;0.1238,0.26108,.;0.0911902653323756;.,0.42491,0.01075746,0.42180,0.605,0.77908,5.424173,0.90747,0.99607145930098862,0.74605,0.902943,0.85089,0.48576923803326,0.66080,0.492928906941368,0.67341
19,425225,G,A,P,L,394,rs763220073,19,425225,19,376225,SHC2,ENSG00000129946,ENST00000264554,ENSP00000264554,1.826680e-05,8.903560e-05,0.592,0.05807,0.198,0.28071,0.016,0.17346,0.01,0.14938,0.01,0.05039,1.9,0.50391,-1.13,0.29076,0.453,0.48811,-1.0586,0.12117,0.0439,0.18723,0.21127397,0.37165,0.023508,0.46258,0.059,0.16832,0.229,0.15472,0.412064437402,0.40428,0.17706020803681427,0.17450,0.0736799404542,0.08083,0.758985877037,0.75735,0.397631,0.75424,-0.19676,0.20954,-0.520408,0.19933,0.0993290605302531,0.12128,0.680032,0.28599,0.06369863,0.13318,0.063963436,0.12752,0.06369863,0.13317,0.063963436,0.12752,-4.013,0.24020,0.0745,0.05338,0.0236283296401677,0.30821,0.00022088,0.03614,0.095,0.26662,2.708151,0.35459,0.83193420729084355,0.14821,0.127521,0.24278,-0.852132962034325,0.11853,-0.834377492629247,0.13429
6,10529778,G,A,W,X,289,.,6,10530011,6,10637997,GCNT2,ENSG00000111846,ENST00000495262,ENSP00000419411,.,.,.;.,.,.;.,.,.;.,.,.;.,.,.;.,.,.;.,.,.;.,.,0.222;0.22,0.24713,.,.,.,.,.;.,.,.,.,.;.,.,.;.,.,.;.,.,.;.,.,.;.,.,.,.,.;.,.,0.607496,0.97838,0.634849,0.97805,.,.,.;.,.,.;.,.,.;.,.,.;.,.,.;.,.,.;.,.,.;.,.,.;.,.,.,.,.,.,9.728287,0.99258,0.99641331975521397,0.76721,.,.,1.05308173773086,0.97145,0.952138592664319,0.97453
6,26285460,C,G,G,R,14,.,6,26285688,6,26393667,H4C8,ENSG00000158406,ENST00000377727,ENSP00000366956,.,.,0.101,0.30511,0.13,0.35048,.,.,.,.,.,.,.,.,-6.52,0.91716,0.728,0.72801,-0.5181,0.67843,0.2734,0.64365,0.59689283,0.66404,0.021128,0.43624,0.355,0.67429,0.219,0.14001,0.117506650769,0.11101,.,.,.,.,0.911917328835,0.97647,.,.,0.191481,0.72900,0.0372731,0.72547,0.963154971599579,0.66361,.,.,.,.,.,.,.,.,.,.,.,.,.,.,.,.,0.11248957,0.67694,0.539,0.73922,3.893703,0.56749,0.91612793885690835,0.21149,0.944663,0.95184,0.0843068987776708,0.45475,0.0289276762097201,0.40776
6,32155879,T,A,Y,N,148,.,6,32123656,6,32231634,PPT2,ENSG00000221988,ENST00000324816,ENSP00000320528,.,.,0.0;0.0;0.0;0.0;0.0;0.0;0.006,0.91343,0.0;0.0;0.0;0.0;0.0;0.0;0.0,0.92967,.;.;0.999;0.999;0.999;0.999;.,0.77914,.;.;0.943;0.943;0.943;0.943;.,0.67917,.;.;.;.;.;.;.,.,.;.;2.44;2.44;2.44;2.44;.,0.70564,-6.36;-6.81;-6.81;-6.81;-6.81;-6.81;-6.75,0.92962,.;0.942;0.943;0.943;0.943;0.943;.,0.95034,0.8238,0.94687,0.8693,0.95645,0.8495003;0.8495003;0.8495003;0.8495003;0.8495003;0.8495003;0.8495004,0.83955,0.373712,0.92793,0.877;0.877;0.877;0.877;0.877;0.877;0.877,0.96345,0.54;.;0.54;0.54;0.54;0.54;.,0.65041,0.941799266106;0.941799266106;0.941799266106;0.941799266106;0.941799266106;0.941799266106;0.941799266106,0.94072,.;0.9138857416719738;.;.;.;.;.,0.91308,.;2.25126918613;.;.;.;.;.,0.96094,0.806728601456,0.82961,0.294148;.;0.842339;0.842339;0.842339;0.842339;.,0.96306,0.503899,0.94344,0.486039,0.94264,0.994044244289398,0.84996,0.973703;0.974203;.;.;.;0.974203;0.969003,0.90786,.;.;0.92809016;0.92809016;0.92809016;0.92809016;.,0.93955,.;.;0.8346083;0.8346083;0.8346083;0.8346083;.,0.90361,.;.;0.92809016;0.92809016;0.92809016;0.92809016;.,0.93956,.;.;0.8346083;0.8346083;0.8346083;0.8346083;.,0.90361,.;-15.243;-15.63;-15.63;-15.63;-15.63;.,0.97159,0.9357;0.8299;.;.;0.8876;0.855;0.8957,0.85478,.;.;0.978224439748676;0.978224439748676;0.978224439748676;0.978224439748676;.,0.84901,0.50453000,0.81988,0.815,0.89781,4.863248,0.79637,0.99073491588666285,0.51869,0.901881,0.84856,0.660682274971632,0.76937,0.651581384554028,0.78612
6,489025,G,C,Q,E,879,rs1763263793,6,489025,6,434025,EXOC2,ENSG00000112685,ENST00000230449,ENSP00000230449,.,.,1.0,0.00968,1.0,0.01173,0.003,0.11208,0.002,0.06938,.,.,0.46,0.12865,1.21,0.01053,0.34,0.37886,-1.0548,0.13098,0.0308,0.13138,0.16436073,0.30395,0.00739,0.19330,0.104,0.29456,0.354,0.35266,0.450441870249,0.44285,0.2107698550843747,0.20807,0.223424376142,0.24587,0.490589976311,0.37470,0.056508,0.30064,-0.126621,0.31685,-0.419659,0.30754,0.836795926094055,0.48793,0.944706,0.78984,0.1619585,0.35944,0.1183543,0.28501,0.1619585,0.35943,0.1183543,0.28500,-4.853,0.35244,0.0715,0.04094,0.0797038172280509,0.41278,0.00765322,0.38191,0.269,0.53957,3.400628,0.47209,0.40371564698849116,0.02864,0.869148,0.78879,-0.124242872169914,0.36064,0.115731215780469,0.45077
9,3271045,G,C,S,C,387,rs1824364289,9,3271045,9,3261045,RFX3,ENSG00000080298,ENST00000617270,ENSP00000482598,.,6.196620e-07,0.002;.;0.003;0.003,0.72322,0.022;0.022;0.05;0.003,0.76775,0.836;0.836;0.98;0.999,0.77914,0.375;0.375;0.753;0.983,0.75798,0.68;.;0.71;0.71,0.82936,2.085;2.085;2.085;2.085,0.57546,-2.62;.;-2.47;-2.47,0.56328,0.713;0.798;0.777;0.801,0.79621,-1.2107,0.00087,0.0669,0.27357,0.6452932;0.6452932;0.6452932;0.6452932,0.69018,0.009131,0.23738,0.302;.;0.302;0.302,0.62096,0.439;0.439;0.439;0.439,0.49179,0.266724437049;0.266724437049;0.266724437049;0.266724437049,0.25863,0.8307422259825102;.;.;.,0.82931,1.68395184386;.;.;.,0.89992,0.65622985363,0.60808,0.554722;0.554722;.;.,0.84850,0.0825884,0.62075,-0.119144,0.61603,0.948547184467316,0.62691,.;0.823718;0.823718;0.850515,0.53260,0.43517116;0.43517116;.;.,0.62770,0.35314626;0.35314626;.;.,0.60643,0.43517116;0.43517116;.;.,0.62770,0.35314626;0.35314626;.;.,0.60643,-7.765;-7.765;-7.805;-7.984,0.61035,0.0864;0.0867;0.0812;0.093,0.14122,0.868067346349012;0.868067346349012;.;.,0.74079,0.05772284,0.60999,0.633,0.79540,4.444758,0.69106,0.99218264878072115,0.55879,0.890377,0.82470,0.751222663332522,0.82889,0.796550376636864,0.89493
9,3330330,A,C,Y,D,135,rs1832443760,9,3330330,9,3320330,RFX3,ENSG00000080298,ENST00000617270,ENSP00000482598,.,.,0.0;.;0.0;0.0;0.0;0.0;0.0;0.0;0.0,0.91343,0.006;0.006;0.007;0.006;.;0.004;0.007;0.007;.,0.74454,0.744;0.744;1.0;0.998;.;.;.;.;.,0.90580,0.739;0.739;0.995;0.973;.;.;.;.;.,0.83178,.;.;.;.;.;.;.;.;.,.,2.285;2.285;2.285;2.285;.;.;.;.;.,0.64989,-7.62;.;-7.52;-7.52;-7.67;-7.75;-7.26;-7.54;-4.15,0.95806,0.783;0.813;0.794;0.872;.;.;.;.;.,0.86916,-0.8423,0.52303,0.1775,0.52082,0.77807325;0.77807325;0.77807325;0.77807325;0.77807325;0.77807325;0.77807313;0.77807313;0.77807313,0.77403,0.031879,0.53667,0.483;.;0.483;0.483;0.483;0.483;0.483;0.483;0.483,0.77150,0.606;0.606;0.606;0.606;0.606;0.606;.;.;0.606,0.73725,0.390913227754;0.390913227754;0.390913227754;0.390913227754;0.390913227754;0.390913227754;0.390913227754;0.390913227754;0.390913227754,0.38305,0.9330148239953004;.;.;.;.;.;.;.;.,0.93238,1.67123987834;.;.;.;.;.;.;.;.,0.89804,0.900780200958,0.96523,0.472047;0.472047;.;.;0.052372;.;.;.;.,0.80301,0.210076,0.74649,0.0639838,0.74318,0.9984130859375,0.94034,.;0.955504;0.955504;0.947905;0.739826;0.964504;0.959404;0.961204;0.913009,0.86835,0.9295413;0.9295413;.;.;.;.;.;.;.,0.94104,0.918645;0.918645;.;.;.;.;.;.;.,0.96250,0.9295413;0.9295413;.;.;.;.;.;.;.,0.94105,0.918645;0.918645;.;.;.;.;.;.;.,0.96251,-17.788;-17.788;-17.821;-18.0;.;.;.;.;.,0.99525,0.9792;0.9793;0.951;0.9649;0.9881;0.9803;0.9726;0.9815;0.9626,0.93018,0.999989072469646;0.999989072469646;.;.;.;.;.;.;.,0.99579,0.00949144,0.40719,0.888,0.94006,5.449267,0.91045,0.99287783561530829,0.58212,0.899771,0.84396,0.707654332942838,0.80027,0.708213352621165,0.82910
9,35739074,G,A,R,W,575,rs146085561,9,35739071,9,35729071,GBA2,ENSG00000070610,ENST00000378103,ENSP00000367343,2.756490e-05,1.860500e-05,0.075;0.064,0.36659,0.068;0.15,0.44455,0.99;0.991,0.64084,0.545;0.409,0.49042,0.1;0.1,0.28107,1.15;1.15,0.29146,-2.6;-2.52,0.56009,0.407;0.409,0.44704,-1.0397,0.17391,0.0865,0.33383,0.25557178;0.25557178,0.42562,0.003152,0.06656,0.148;0.148,0.38964,.;.,.,0.737417931293;0.737417931293,0.73299,0.6091811679561359;.,0.60672,0.332663960709;.,0.35025,0.252322256565,0.04017,0.83171;.,0.95957,-0.172398,0.24534,-0.281814,0.46280,0.181259914196003,0.19075,0.889911;0.89781,0.64167,0.127899;.,0.29655,0.1084718;.,0.26075,0.127899;.,0.29655,0.1084718;.,0.26074,-9.258;-9.411,0.70383,0.0983;0.1335,0.29008,0.0192769649180748;.,0.29147,0.27429137,0.76004,0.119,0.32348,4.935258,0.81438,0.9989338995826349,0.96668,0.529196,0.54883,0.402377350002747,0.61355,0.465804522481656,0.65552
9,5756246,A,G,N,S,576,rs1193681401,9,5756246,9,5746246,RIC1,ENSG00000107036,ENST00000414202,ENSP00000416696,.,5.634260e-06,0.043;0.053;.,0.41520,0.0;0.0;0.0,0.92967,.;0.999;.,0.77914,.;0.967;.,0.71532,0.27;0.24;0.26,0.52324,2.44;2.44;.,0.70564,-4.14;-4.14;.,0.75248,0.87;0.902;0.788,0.90245,-0.7427,0.58138,0.2672,0.63713,0.7790016;0.7790016;0.7790016,0.77476,0.028616,0.51071,0.386;0.386;0.386,0.70117,0.531;0.531;.,0.63732,0.251679625132;0.251679625132;0.251679625132,0.24382,.;0.5994177386292362;.,0.59692,.;.;.,.,0.691501617432,0.65865,.;0.396227;.,0.75320,-0.0650846,0.41764,-0.331266,0.40979,0.989272713661194,0.79365,0.981202;0.976102;0.967803,0.93564,.;0.36919993;.,0.58197,.;0.28574455;.,0.54368,.;0.36919993;.,0.58198,.;0.28574455;.,0.54367,-8.001;-7.962;-8.326,0.63345,0.1946;0.2039;0.278,0.51124,.;0.986078616142079;.,0.86986,0.00184170,0.21932,0.553,0.74788,4.413059,0.68352,0.99869271886640898,0.94730,0.883837,0.81237,0.6532513916977,0.76455,0.679021745632727,0.80683
9,6014079,C,T,R,Q,510,rs201025756,9,6014079,9,6004079,RANBP6,ENSG00000137040,ENST00000259569,ENSP00000259569,1.830330e-05,7.435450e-06,0.974;.,0.02043,0.647;.,0.06923,0.004;.,0.12194,0.0;.,0.01384,0.04;.,0.13669,-1.755;.,0.00320,2.12;.,0.00350,0.061;.,0.03277,-0.9737,0.36265,0.0432,0.18436,0.029350072;0.029350072,0.01062,0.003396,0.07376,0.085;.,0.24571,.;.,.,0.466230903105;0.466230903105,0.45871,0.043813413720186295;.,0.04230,0.0846894851254;.,0.09374,0.337589085102,0.16061,0.018625;0.002224,0.14879,-0.342157,0.05063,-0.50356,0.21649,0.199523798931701,0.20138,0.841416;0.718928,0.51556,0.071578555;.,0.15713,0.06394465;.,0.12745,0.071578555;.,0.15712,0.06394465;.,0.12745,-1.614;.,0.02017,0.0669;0.0717,0.04173,0.000373200903142688;.,0.05876,0.06329140,0.61957,0.209,0.47298,3.067276,0.41290,0.1712953882976494,0.00483,0.230745,0.35201,-0.668250497493639,0.16721,-0.401812679119962,0.24626
9,712165,G,T,E,X,467,rs368934760,9,712165,9,702165,KANK1,ENSG00000107104,ENST00000382297,ENSP00000371734,.,.,.;.;.;.;.;.;.;.;.;.;.;.;.;.;.;.;.;.;.;.,.,.;.;.;.;.;.;.;.;.;.;.;.;.;.;.;.;.;.;.;.,.,.;.;.;.;.;.;.;.;.;.;.;.;.;.;.;.;.;.;.;.,.,.;.;.;.;.;.;.;.;.;.;.;.;.;.;.;.;.;.;.;.,.,.;.;.;.;.;.;.;.;.;.;.;.;.;.;.;.;.;.;.;.,.,.;.;.;.;.;.;.;.;.;.;.;.;.;.;.;.;.;.;.;.,.,.;.;.;.;.;.;.;.;.;.;.;.;.;.;.;.;.;.;.;.,.,0.825;.;.;0.801;.;.;0.816;.;.;.;.;.;.;.;.;.;.;.;.;0.845,0.84047,.,.,.,.,.;.;.;.;.;.;.;.;.;.;.;.;.;.;.;.;.;.;.;.,.,.,.,.;.;.;.;.;.;.;.;.;.;.;.;.;.;.;.;.;.;.;.,.,.;.;.;.;.;.;.;.;.;.;.;.;.;.;.;.;.;.;.;.,.,.;.;.;.;.;.;.;.;.;.;.;.;.;.;.;.;.;.;.;.,.,.;.;.;.;.;.;.;.;.;.;.;.;.;.;.;.;.;.;.;.,.,.;.;.;.;.;.;.;.;.;.;.;.;.;.;.;.;.;.;.;.,.,.,.,.;.;.;.;.;.;.;.;.;.;.;.;.;.;.;.;.;.;.;.,.,0.567668,0.96442,0.577639,0.96382,.,.,.;.;.;.;.;.;.;.;.;.;.;.;.;.;.;.;.;.;.;.,.,.;.;.;.;.;.;.;.;.;.;.;.;.;.;.;.;.;.;.;.,.,.;.;.;.;.;.;.;.;.;.;.;.;.;.;.;.;.;.;.;.,.,.;.;.;.;.;.;.;.;.;.;.;.;.;.;.;.;.;.;.;.,.,.;.;.;.;.;.;.;.;.;.;.;.;.;.;.;.;.;.;.;.,.,.;.;.;.;.;.;.;.;.;.;.;.;.;.;.;.;.;.;.;.,.,.;.;.;.;.;.;.;.;.;.;.;.;.;.;.;.;.;.;.;.,.,.;.;.;.;.;.;.;.;.;.;.;.;.;.;.;.;.;.;.;.,.,.,.,.,.,9.936592,0.99449,0.9977100287419941,0.85930,0.356542,0.44602,1.17902509485102,0.99331,1.04875096264564,0.99364
9,8507360,G,A,R,C,540,rs770164058,9,8507360,9,8497360,PTPRD,ENSG00000153707,ENST00000381196,ENSP00000370593,1.828050e-05,5.576570e-06,0.033;0.003;.;0.033;0.003;.;0.033;0.003;0.001,0.78662,0.117;0.048;.;0.117;0.043;0.049;0.117;0.047;0.05,0.50294,0.998;.;.;0.998;.;0.99;0.998;.;.,0.73231,0.978;.;.;0.978;.;0.86;0.978;.;.,0.74106,0.35;0.54;0.73;0.35;0.73;0.73;0.35;0.54;0.73,0.83975,2.395;2.395;.;2.395;.;.;2.395;2.395;.,0.69015,-2.87;-2.33;.;-2.87;-2.33;.;-2.87;-2.33;-2.33,0.60380,0.761;0.708;.;0.723;0.706;0.674;0.768;0.7;0.693,0.76475,-0.3537,0.73328,0.4124,0.75934,0.638373;0.638373;.;0.638373;0.638373;0.638373;0.6383731;0.6383731;0.6383731,0.68638,0.011424,0.28759,0.387;0.387;0.387;0.387;0.387;0.387;0.387;0.387;0.387,0.70200,0.547;0.547;.;0.547;.;.;0.547;0.547;.,0.66038,0.659108873147;0.659108873147;0.659108873147;0.659108873147;0.659108873147;0.659108873147;0.659108873147;0.659108873147;0.659108873147,0.65358,0.4470098994182922;.;.;.;.;.;.;.;.,0.44418,.;.;.;.;.;.;.;.;.,.,0.678324103355,0.63969,0.179851;.;.;0.179851;.;.;0.179851;.;.,0.52865,0.234135,0.76939,0.195396,0.82750,0.860560536384583,0.50835,.;0.985401;.;.;0.985401;0.985401;0.986801;0.985401;0.985401,0.95500,0.3254171;.;.;0.3254171;.;.;0.3254171;.;.,0.54760,0.2412855;.;.;0.2412855;.;.;0.2412855;.;.,0.49335,0.3254171;.;.;0.3254171;.;.;0.3254171;.;.,0.54760,0.2412855;.;.;0.2412855;.;.;0.2412855;.;.,0.49334,-12.091;-12.365;.;-12.091;-12.406;.;-12.091;-12.38;-12.256,0.86806,.;0.6914;.;0.4965;0.7157;0.6882;0.5193;0.6688;0.8347,0.78922,0.700670741700047;.;.;0.700670741700047;.;.;0.700670741700047;.;.,0.67050,0.10462773,0.66993,0.359,0.61631,5.465916,0.91233,0.9992602481813998,0.99104,0.885845,0.81604,0.710188418982603,0.80193,0.730797020297333,0.84633
